ab_name	SHM	in_CR9114	minus_delta_log_KD (GL)
CS10V	S35T	no	-1.338767651821076
CS10V	G55E	no	-0.4212735447132854
CS10V	K62R	no	-0.1633989357592753
CS10V	E85D	no	0.0390960353420624
CS10V	Y91F	yes	-0.2894278940918724
CS3V	A24T	no	-0.2078219665669856
CS3V	T28V	no	0.2893070238577238
CS3V	S31T	no	-0.0193992497274173
CS3V	A33V	no	-3.2231517420610114
CS3V	I53M	no	-0.6988581118074926
CS3V	A57S	no	-0.0856555109839263
CS3V	N58H	no	-0.1934452067030694
CS3V	A60E	no	-0.7017904096842358
CS3V	K62R	no	-0.1633989357592753
CS3V	V67L	no	-0.3398206497923652
CS3V	S82aT	no	0.0353718714261965
CS3V	V89E	no	0.0906131142463237
HMCON2	A24T	no	-0.2078219665669856
HMCON2	T28V	no	0.2893070238577238
HMCON2	S31T	no	-0.0193992497274173
HMCON2	A33V	no	-3.2231517420610114
HMCON2	I53M	no	-0.6988581118074926
HMCON2	A57S	no	-0.0856555109839263
HMCON2	N58H	no	-0.1934452067030694
HMCON2	A60E	no	-0.7017904096842358
HMCON2	K62R	no	-0.1633989357592753
HMCON2	V67L	no	-0.3398206497923652
HMCON2	S82aT	no	0.0353718714261965
HMCON2	V89E	no	0.0906131142463237
HMCON4	A33T	no	-3.071181748676665
HMCON4	S35T	no	-1.338767651821076
HMCON4	G55E	no	-0.4212735447132854
HMCON4	K62R	no	-0.1633989357592753
HMCON4	E85D	no	0.0390960353420624
HMCON4	Y91F	yes	-0.2894278940918724
HMLAH15	G27P	no	0.1664345655112011
HMLAH15	T28M	no	-0.0605395092885849
HMLAH15	S31R	no	0.0405704978649321
HMLAH15	Y32S	no	-1.6000625132815305
HMLAH15	I34F	no	-0.0247710145559665
HMLAH15	I53T	no	-1.1690687832143851
HMLAH15	G55D	no	0.0150295266634241
HMLAH15	A57K	no	-0.4302796613862369
HMLAH15	I69F	no	-0.3589149985787543
HMLAH15	S76A	no	-0.2989148689397147
HMLAH15	A78S	no	-0.1377155429333694
HMLAH15	S82aR	no	-0.4590636273754569
HMLAH8	S25A	no	-0.0731442263426345
HMLAH8	S31N	yes	-0.0606883148982149
HMLAH8	Y32S	no	-1.6000625132815305
HMLAH8	S35H	no	-3.662836921250744
HMLAH8	P52aA	no	-2.9665717104949483
HMLAH8	I53N	no	-3.2271512427471745
HMLAH8	A57R	no	-1.11491987835989
HMLAH8	K62N	no	-0.2498317501712108
HMLAH8	Q64R	no	-0.0445388241313793
HMLAH8	G65D	no	-0.333104431956233
HMLAH8	T77I	no	-0.8187508924964764
HMLAH8	E81D	no	-0.1592424551643496
HMLAH8	S84L	no	-0.4830000260572546
018-10 4D03	T28I	no	-0.0736598852571717
018-10 4D03	S30I	no	-2.1111413599871014
018-10 4D03	Y32S	no	-1.6000625132815305
018-10 4D03	I52N	no	0.0075659064437196
018-10 4D03	I53L	no	-0.6214778428187913
018-10 4D03	A57T	yes	-0.1829834343540017
018-10 4D03	S76G	no	-0.4294833356786718
018-10 4D03	A78T	no	-0.0667360645022512
018-10 4D03	E81D	no	-0.1592424551643496
018-10 4D06	P14S	no	0.1548910556292639
018-10 4D06	A24T	no	-0.2078219665669856
018-10 4D06	T28I	no	-0.0736598852571717
018-10 4D06	S30N	yes	0.0212755857516313
018-10 4D06	S31T	no	-0.0193992497274173
018-10 4D06	A33G	no	-0.609750776730932
018-10 4D06	P52aA	no	-2.9665717104949483
018-10 4D06	G55H	no	-0.5442095252567132
018-10 4D06	A57T	yes	-0.1829834343540017
018-10 4D06	T68S	no	-0.3188824560909715
018-10 4D06	I69V	no	-0.586841884476744
018-10 4D06	A78V	no	0.0448827766832593
018-10 4D06	R83T	yes	0.352189462704505
018-10 4D06	Y91F	yes	-0.2894278940918724
029-09 4A01	A9S	no	-0.2476293919277772
029-09 4A01	A24V	no	-0.4622755980772961
029-09 4A01	T28I	no	-0.0736598852571717
029-09 4A01	F29M	no	-0.3966759841714697
029-09 4A01	S30R	no	-0.5393880385480685
029-09 4A01	S31R	no	0.0405704978649321
029-09 4A01	Y32N	no	-0.2643854744638254
029-09 4A01	A33G	no	-0.609750776730932
029-09 4A01	I34V	no	-0.1072331406752162
029-09 4A01	P52aA	no	-2.9665717104949483
029-09 4A01	A57P	no	-0.012203272793128
029-09 4A01	N58Y	no	-0.6971976559942235
029-09 4A01	Q64E	no	0.1200355481259709
029-09 4A01	G65D	no	-0.333104431956233
029-09 4A01	V67I	no	0.172952271796527
029-09 4A01	S76T	no	-0.0872480700334108
029-09 4A01	A78V	no	0.0448827766832593
029-09 4A01	S82bR	no	-0.4952439279883194
029-09 4A01	E85D	no	0.0390960353420624
029-09 4A01	V89I	no	-0.0409605730075401
030-09 1A06	P52aS	no	-2.0220457441181106
030-09 1A06	G55A	no	-0.3381786637634878
030-09 1A06	A57T	yes	-0.1829834343540017
030-09 1A06	R83T	yes	0.352189462704505
030-09 1E04	S30R	no	-0.5393880385480685
030-09 1E04	Y32F	no	-0.2787094630308253
030-09 1E04	I52T	no	-0.0188762572547194
030-09 1E04	P52aA	no	-2.9665717104949483
030-09 1E04	A57T	yes	-0.1829834343540017
030-09 1E04	N58D	no	-0.5242133531453597
030-09 1E04	T68S	no	-0.3188824560909715
030-09 1E04	T70S	yes	-0.3526033836487059
030-09 1E04	S76T	no	-0.0872480700334108
030-09 1E04	A78V	no	0.0448827766832593
030-09 1E04	E85D	no	0.0390960353420624
030-09 1E04	V89M	no	-0.1300976656836994
030-09 2B03	K13R	no	0.2609937778214579
030-09 2B03	T28P	no	0.0204015401595221
030-09 2B03	S30M	no	-0.5939442250112812
030-09 2B03	A33T	no	-3.071181748676665
030-09 2B03	I34V	no	-0.1072331406752162
030-09 2B03	S35T	no	-1.338767651821076
030-09 2B03	A40V	no	-0.1230115187212099
030-09 2B03	F54L	no	-0.6574572177287266
030-09 2B03	S76N	yes	0.1260161555777728
030-09M 1D06	K23R	no	-0.2338418684913961
030-09M 1D06	A24P	no	-1.2098689862383123
030-09M 1D06	S31T	no	-0.0193992497274173
030-09M 1D06	S35T	no	-1.338767651821076
030-09M 1D06	G50E	no	-3.3637593195502618
030-09M 1D06	A57T	yes	-0.1829834343540017
030-09M 1D06	Y59F	no	-0.8983584096793074
030-09M 1D06	A60P	no	-0.3573447623674255
030-09M 1D06	I69L	no	-0.6480889680433428
030-09M 1D06	S76T	no	-0.0872480700334108
030-09M 1D06	L82V	no	-0.2381584242321892
030M-10 1B03	A9P	no	-0.3886395513825249
030M-10 1B03	S17A	no	-0.1278757973294038
030M-10 1B03	V20L	no	0.110820134844257
030M-10 1B03	G27D	no	0.0106547719079088
030M-10 1B03	I34F	no	-0.0247710145559665
030M-10 1B03	I53M	no	-0.6988581118074926
030M-10 1B03	G55R	no	-1.5551656993558964
030M-10 1B03	A57T	yes	-0.1829834343540017
030M-10 1B03	N58K	no	-0.4708253723238265
030M-10 1B03	G65D	no	-0.333104431956233
030M-10 1B03	V67L	no	-0.3398206497923652
030M-10 1B03	S74L	no	-0.4469369118674393
030M-10 1B03	T75P	no	-2.3225880837644333
030M-10 1B03	T77A	no	-1.3412074213527028
030M-10 1F03	G27D	no	0.0106547719079088
030M-10 1F03	Y32H	no	0.0926320582760205
030M-10 1F03	I52T	no	-0.0188762572547194
030M-10 1F03	I53F	no	-0.4826784303118465
030M-10 1F03	G55P	no	-2.9407342536072942
039-10 5F06	T28I	no	-0.0736598852571717
039-10 5F06	S30R	no	-0.5393880385480685
039-10 5F06	S31N	yes	-0.0606883148982149
039-10 5F06	M48V	no	0.2898409437083487
039-10 5F06	G50R	no	-3.013160079930626
039-10 5F06	P52aA	no	-2.9665717104949483
039-10 5F06	A57T	yes	-0.1829834343540017
039-10 5F06	N58K	no	-0.4708253723238265
039-10 5F06	S76N	yes	0.1260161555777728
039-10 5G02	K13S	no	-0.0035585780535498
039-10 5G02	T28I	no	-0.0736598852571717
039-10 5G02	S30R	no	-0.5393880385480685
039-10 5G02	A33S	no	-1.7749009615926878
039-10 5G02	S35N	no	-3.491764194464591
039-10 5G02	G50R	no	-3.013160079930626
039-10 5G02	I51V	no	0.167673984579098
039-10 5G02	I52L	no	-0.6487295609590262
039-10 5G02	I53F	no	-0.4826784303118465
039-10 5G02	A57P	no	-0.012203272793128
039-10 5G02	S76I	no	-2.944135744874984
039-10 5G02	S82aN	yes	-0.1068918090600199
039-10 5G02	R83T	yes	0.352189462704505
039-10 5G05	A24T	no	-0.2078219665669856
039-10 5G05	T28I	no	-0.0736598852571717
039-10 5G05	S30N	yes	0.0212755857516313
039-10 5G05	Y32H	no	0.0926320582760205
039-10 5G05	A33S	no	-1.7749009615926878
039-10 5G05	S35T	no	-1.338767651821076
039-10 5G05	I52V	no	0.3093870535037837
039-10 5G05	P52aA	no	-2.9665717104949483
039-10 5G05	A57T	yes	-0.1829834343540017
039-10 5G05	K62R	no	-0.1633989357592753
039-10 5G05	V67A	no	-0.4850838084336768
039-10 5G05	S76T	no	-0.0872480700334108
039-10 5G05	A78V	no	0.0448827766832593
039-10 5G05	E85D	no	0.0390960353420624
047-09 4F01	Y32F	no	-0.2787094630308253
047-09 4F01	A57T	yes	-0.1829834343540017
047-09 4F01	T70A	no	-0.1179466459120774
047-09 4F01	K73T	no	0.4736369831890421
047-09 4F01	T75M	no	-0.3442557932428371
047-09 4F01	S76T	no	-0.0872480700334108
047-09 4F01	V89F	no	-0.6786443956235324
047-10M 2D03	K13R	no	0.2609937778214579
047-10M 2D03	K19T	no	-0.1282861807476649
047-10M 2D03	S31N	yes	-0.0606883148982149
047-10M 2D03	S35N	no	-3.491764194464591
047-10M 2D03	G44R	no	0.118352652251449
047-10M 2D03	M48V	no	0.2898409437083487
047-10M 2D03	G50Q	no	-3.3224894719631095
047-10M 2D03	A57T	yes	-0.1829834343540017
047-10M 2D03	N58T	no	-0.1928848533666034
047-10M 2D03	K62R	no	-0.1633989357592753
047-10M 2D03	T68S	no	-0.3188824560909715
047-10M 2D03	T75A	no	0.1754746470948518
047-10M 2D03	A78T	no	-0.0667360645022512
047-10M 2D03	Y79N	no	-0.343507582740548
047-10M 2D03	S82aT	no	0.0353718714261965
051-09 4B02	S31T	no	-0.0193992497274173
051-09 4B02	A33G	no	-0.609750776730932
051-09 4B02	I34F	no	-0.0247710145559665
051-09 4B02	I53L	no	-0.6214778428187913
051-09 4B02	N58K	no	-0.4708253723238265
051-09 4B02	Y79D	no	-1.2646332609425013
051-09 4C06	T28S	no	0.0324307648565547
051-09 4C06	Y32F	no	-0.2787094630308253
051-09 4C06	A33G	no	-0.609750776730932
051-09 4C06	A57S	no	-0.0856555109839263
051-09 4C06	N58K	no	-0.4708253723238265
051-09 4C06	Q61R	no	-0.4044664202646757
051-09 4C06	K62R	no	-0.1633989357592753
051-09 4C06	Q64H	no	-0.3576648396852402
051-09 4C06	V67L	no	-0.3398206497923652
051-09 4C06	S76G	no	-0.4294833356786718
051-09 4C06	T87S	no	0.1708285536409892
051-09 4C06	V89I	no	-0.0409605730075401
051-09 4E06	V11M	no	-0.3180137405922796
051-09 4E06	K23T	no	-0.640393150111116
051-09 4E06	T28P	no	0.0204015401595221
051-09 4E06	S30F	no	-1.1468763896336451
051-09 4E06	M48I	no	-0.0229970662824321
051-09 4E06	I51L	no	-0.3623114976881005
051-09 4E06	G55K	no	-0.8675107161255067
051-09 4E06	A57T	yes	-0.1829834343540017
051-09 4E06	N58H	no	-0.1934452067030694
051-09 4E06	Y59F	no	-0.8983584096793074
051-09 4E06	I69L	no	-0.6480889680433428
051-09 4E06	T75R	no	-0.2927066240471312
051-09 4E06	S76N	yes	0.1260161555777728
051-09 4E06	S82aG	no	-0.0092594737472779
051-09 4E06	S82bG	no	-0.2373266868177594
051-09 4E06	S84F	no	-0.8601678874524694
051-09 4E06	E85G	no	-0.1749574912808302
051-09 5C01	S25F	no	-0.5020154703096544
051-09 5C01	G27V	no	-0.5006470546932249
051-09 5C01	T28I	no	-0.0736598852571717
051-09 5C01	S31N	yes	-0.0606883148982149
051-09 5C01	S35T	no	-1.338767651821076
051-09 5C01	G50A	no	-1.9859279360109685
051-09 5C01	I53L	no	-0.6214778428187913
051-09 5C01	T56S	yes	-0.4858704037406411
051-09 5C01	A57T	yes	-0.1829834343540017
051-09 5C01	F63L	no	-0.465099920825649
051-09 5C01	V67I	no	0.172952271796527
051-09 5C01	I69M	no	-0.2947386176646454
051-09 5C01	S76K	no	0.2394370865377197
051-09 5C01	A78V	no	0.0448827766832593
051-09 5C01	V89L	no	-0.5707460970632816
051-09 5C01	Y91F	yes	-0.2894278940918724
SFV019 4E03	G27V	no	-0.5006470546932249
SFV019 4E03	T28I	no	-0.0736598852571717
SFV019 4E03	S31N	yes	-0.0606883148982149
SFV019 4E03	S35G	no	-1.7883336128767624
SFV019 4E03	M48V	no	0.2898409437083487
SFV019 4E03	I52L	no	-0.6487295609590262
SFV019 4E03	K62R	no	-0.1633989357592753
SFV019 4E03	A78T	no	-0.0667360645022512
SFV019 4E03	E85D	no	0.0390960353420624
CR9114	A24S	yes	0.0138925731007528
CR9114	F29S	yes	-1.728649867571642
CR9114	S30N	yes	0.0212755857516313
CR9114	S31N	yes	-0.0606883148982149
CR9114	E46D	yes	-1.9631065264579668
CR9114	T56S	yes	-0.4858704037406411
CR9114	A57T	yes	-0.1829834343540017
CR9114	N58A	yes	-0.4192825907502104
CR9114	T70S	yes	-0.3526033836487059
CR9114	K73I	yes	0.4726995631631823
CR9114	S74F	yes	-0.3003159343078287
CR9114	T75S	yes	0.1222968162757744
CR9114	S76N	yes	0.1260161555777728
CR9114	S82aN	yes	-0.1068918090600199
CR9114	R83T	yes	0.352189462704505
CR9114	Y91F	yes	-0.2894278940918724
237-14-IgG 1D01	K23R	no	-0.2338418684913961
237-14-IgG 1D01	S31T	no	-0.0193992497274173
237-14-IgG 1D01	I52V	no	0.3093870535037837
237-14-IgG 1D01	A57T	yes	-0.1829834343540017
237-14-IgG 1D01	F63L	no	-0.465099920825649
237-14-IgG 1D01	S76N	yes	0.1260161555777728
296-16-IgG 2A02	I34F	no	-0.0247710145559665
296-16-IgG 2A02	M48V	no	0.2898409437083487
296-16-IgG 2A02	I52L	no	-0.6487295609590262
296-16-IgG 2A02	P52aG	no	-1.9505146799612456
296-16-IgG 2A02	I53M	no	-0.6988581118074926
296-16-IgG 2A02	F54L	no	-0.6574572177287266
296-16-IgG 2A02	A57V	no	-0.3926512953696779
296-16-IgG 2A02	F63L	no	-0.465099920825649
296-16-IgG 2A02	A71T	no	-0.2258392358753411
296-16-IgG 2A02	S74F	yes	-0.3003159343078287
296-16-IgG 2A02	Y91F	yes	-0.2894278940918724
296-16-IgG 2G04	T28S	no	0.0324307648565547
296-16-IgG 2G04	A33G	no	-0.609750776730932
296-16-IgG 2G04	I34F	no	-0.0247710145559665
296-16-IgG 2G04	S35T	no	-1.338767651821076
296-16-IgG 2G04	M48V	no	0.2898409437083487
296-16-IgG 2G04	I52L	no	-0.6487295609590262
296-16-IgG 2G04	P52aG	no	-1.9505146799612456
296-16-IgG 2G04	I53M	no	-0.6988581118074926
296-16-IgG 2G04	F54L	no	-0.6574572177287266
296-16-IgG 2G04	A57V	no	-0.3926512953696779
296-16-IgG 2G04	F63L	no	-0.465099920825649
296-16-IgG 2G04	G65D	no	-0.333104431956233
296-16-IgG 2G04	A71T	no	-0.2258392358753411
296-16-IgG 2G04	S74F	yes	-0.3003159343078287
296-16-IgG 2G04	S82aR	no	-0.4590636273754569
296-16-IgG 2G04	Y91F	yes	-0.2894278940918724
300-16-IgG 2C03	S30I	no	-2.1111413599871014
300-16-IgG 2C03	Y32F	no	-0.2787094630308253
300-16-IgG 2C03	I34M	no	-0.365053306240874
300-16-IgG 2C03	I53V	no	-0.5429808545337451
300-16-IgG 2C03	A71T	no	-0.2258392358753411
300-16-IgG 2C03	S82aN	yes	-0.1068918090600199
300-16-IgG 2E03	K19T	no	-0.1282861807476649
300-16-IgG 2E03	Y32H	no	0.0926320582760205
300-16-IgG 2E03	S35N	no	-3.491764194464591
300-16-IgG 2E03	A40V	no	-0.1230115187212099
300-16-IgG 2E03	M48V	no	0.2898409437083487
300-16-IgG 2E03	P52aG	no	-1.9505146799612456
300-16-IgG 2E03	G55R	no	-1.5551656993558964
300-16-IgG 2E03	A57T	yes	-0.1829834343540017
300-16-IgG 2E03	N58K	no	-0.4708253723238265
300-16-IgG 2E03	T70S	yes	-0.3526033836487059
300-16-IgG 2E03	S74F	yes	-0.3003159343078287
300-16-IgG 2E03	T75M	no	-0.3442557932428371
300-16-IgG 2E03	Y79S	no	-0.2708459483070484
300-16-IgG 2E03	S84F	no	-0.8601678874524694
300-16-IgG 2E03	V89I	no	-0.0409605730075401
301-16-IgG 2B04	V20I	no	0.1979489184787137
301-16-IgG 2B04	A24I	no	0.56043559460716
301-16-IgG 2B04	T28I	no	-0.0736598852571717
301-16-IgG 2B04	S30N	yes	0.0212755857516313
301-16-IgG 2B04	Y32N	no	-0.2643854744638254
301-16-IgG 2B04	S35G	no	-1.7883336128767624
301-16-IgG 2B04	G42R	no	-2.904256307962985
301-16-IgG 2B04	G50K	no	-3.184829036462867
301-16-IgG 2B04	I52T	no	-0.0188762572547194
301-16-IgG 2B04	P52aA	no	-2.9665717104949483
301-16-IgG 2B04	I53V	no	-0.5429808545337451
301-16-IgG 2B04	G55A	no	-0.3381786637634878
301-16-IgG 2B04	N58H	no	-0.1934452067030694
301-16-IgG 2B04	V67A	no	-0.4850838084336768
301-16-IgG 2B04	T68S	no	-0.3188824560909715
301-16-IgG 2B04	S76N	yes	0.1260161555777728
301-16-IgG 2B04	A78V	no	0.0448827766832593
301-16-IgG 2B04	S82aR	no	-0.4590636273754569
301-16-IgG 2B04	S84P	no	-0.09454263523536
301-16-IgG 2B04	E85D	no	0.0390960353420624
301-16-IgG 2B04	V89I	no	-0.0409605730075401
T1-3B	Q1E	no	-0.1677945767818141
T1-3B	K12R	no	-0.1616409070622992
T1-3B	A24P	no	-1.2098689862383123
T1-3B	T28I	no	-0.0736598852571717
T1-3B	S30N	yes	0.0212755857516313
T1-3B	S31K	no	-0.0967551088445439
T1-3B	I34V	no	-0.1072331406752162
T1-3B	S35T	no	-1.338767651821076
T1-3B	P52aA	no	-2.9665717104949483
T1-3B	I53V	no	-0.5429808545337451
T1-3B	G55R	no	-1.5551656993558964
T1-3B	A57T	yes	-0.1829834343540017
T1-3B	Q61H	no	0.0428314305843571
T1-3B	T70S	yes	-0.3526033836487059
T1-3B	T75M	no	-0.3442557932428371
T1-3B	S76N	yes	0.1260161555777728
T1-3B	A78V	no	0.0448827766832593
T1-3B	M80L	no	-0.1272629556693942
T1-3B	S82aR	no	-0.4590636273754569
T1-3B	E85D	no	0.0390960353420624
T2-5A	Q1E	no	-0.1677945767818141
T2-5A	Q6E	no	-0.3076965928424169
T2-5A	K23R	no	-0.2338418684913961
T2-5A	A24T	no	-0.2078219665669856
T2-5A	T28I	no	-0.0736598852571717
T2-5A	S30N	yes	0.0212755857516313
T2-5A	A33G	no	-0.609750776730932
T2-5A	S35T	no	-1.338767651821076
T2-5A	I52L	no	-0.6487295609590262
T2-5A	P52aA	no	-2.9665717104949483
T2-5A	G55R	no	-1.5551656993558964
T2-5A	A57T	yes	-0.1829834343540017
T2-5A	N58K	no	-0.4708253723238265
T2-5A	K62R	no	-0.1633989357592753
T2-5A	T70S	yes	-0.3526033836487059
T2-5A	T75M	no	-0.3442557932428371
T2-5A	S76N	yes	0.1260161555777728
T2-5A	A78V	no	0.0448827766832593
T2-5A	S82bG	no	-0.2373266868177594
T2-5A	E85D	no	0.0390960353420624
T2-5C	Q1E	no	-0.1677945767818141
T2-5C	A24S	yes	0.0138925731007528
T2-5C	T28I	no	-0.0736598852571717
T2-5C	S30N	yes	0.0212755857516313
T2-5C	Y32F	no	-0.2787094630308253
T2-5C	A33G	no	-0.609750776730932
T2-5C	I52L	no	-0.6487295609590262
T2-5C	P52aA	no	-2.9665717104949483
T2-5C	G55R	no	-1.5551656993558964
T2-5C	A57T	yes	-0.1829834343540017
T2-5C	N58K	no	-0.4708253723238265
T2-5C	T70S	yes	-0.3526033836487059
T2-5C	T75M	no	-0.3442557932428371
T2-5C	S76N	yes	0.1260161555777728
T2-5C	A78V	no	0.0448827766832593
T2-5C	M80L	no	-0.1272629556693942
T2-5C	S82bG	no	-0.2373266868177594
T2-5C	E85D	no	0.0390960353420624
T2-5C	Y91F	yes	-0.2894278940918724
T2-8C	Q6E	no	-0.3076965928424169
T2-8C	A24T	no	-0.2078219665669856
T2-8C	S25P	no	0.0683123961172391
T2-8C	G27A	no	-0.0686674268637226
T2-8C	T28I	no	-0.0736598852571717
T2-8C	F29L	no	0.0115956190152619
T2-8C	S31N	yes	-0.0606883148982149
T2-8C	I52V	no	0.3093870535037837
T2-8C	I53M	no	-0.6988581118074926
T2-8C	A57T	yes	-0.1829834343540017
T2-8C	K62N	no	-0.2498317501712108
T2-8C	A71V	no	0.0335744171515077
T2-8C	A78P	no	-2.137884859070976
T2-8C	E85D	no	0.0390960353420624
T2-8C	Y91F	yes	-0.2894278940918724
T3-1B	Q1E	no	-0.1677945767818141
T3-1B	T28I	no	-0.0736598852571717
T3-1B	S30N	yes	0.0212755857516313
T3-1B	A33G	no	-0.609750776730932
T3-1B	P52aA	no	-2.9665717104949483
T3-1B	G55A	no	-0.3381786637634878
T3-1B	A57T	yes	-0.1829834343540017
T3-1B	N58T	no	-0.1928848533666034
T3-1B	T70S	yes	-0.3526033836487059
T3-1B	S76T	no	-0.0872480700334108
T3-1B	A78V	no	0.0448827766832593
T3-1B	E85D	no	0.0390960353420624
31.f.01	T28I	no	-0.0736598852571717
31.f.01	S30N	yes	0.0212755857516313
31.f.01	Y32F	no	-0.2787094630308253
31.f.01	V37M	no	-0.1637328248595917
31.f.01	G50A	no	-1.9859279360109685
31.f.01	I53M	no	-0.6988581118074926
31.f.01	T56A	no	-0.1235874860887076
31.f.01	A57T	yes	-0.1829834343540017
31.f.01	G65A	no	-0.6958929474574536
31.f.01	V67L	no	-0.3398206497923652
31.f.01	T70A	no	-0.1179466459120774
31.f.01	T75R	no	-0.2927066240471312
31.f.01	S76T	no	-0.0872480700334108
31.f.01	A78T	no	-0.0667360645022512
10A14	Q1E	no	-0.1677945767818141
10A14	Q6E	no	-0.3076965928424169
10A14	S30R	no	-0.5393880385480685
10A14	I34V	no	-0.1072331406752162
10A14	P52aA	no	-2.9665717104949483
10A14	A57T	yes	-0.1829834343540017
10A14	G65D	no	-0.333104431956233
10A14	S74L	no	-0.4469369118674393
10A14	T75P	no	-2.3225880837644333
10A14	S82aT	no	0.0353718714261965
10A14	Y91F	yes	-0.2894278940918724
5B6	Q1E	no	-0.1677945767818141
5B6	V11W	no	-0.0828637412116179
5B6	G27P	no	0.1664345655112011
5B6	T28I	no	-0.0736598852571717
5B6	Y32R	no	-0.8533803801588711
5B6	A33S	no	-1.7749009615926878
5B6	I51V	no	0.167673984579098
5B6	T56G	no	-0.9399607414163142
5B6	A57P	no	-0.012203272793128
5B6	N58T	no	-0.1928848533666034
5B6	Y59V	no	0.1556423769218966
5B6	A60P	no	-0.3573447623674255
5B6	V67L	no	-0.3398206497923652
5B6	I69M	no	-0.2947386176646454
5B6	S82aN	yes	-0.1068918090600199
5B6	S82bR	no	-0.4952439279883194
5B6	R83T	yes	0.352189462704505
5B6	E85D	no	0.0390960353420624
8D4	Q1E	no	-0.1677945767818141
8D4	Q6E	no	-0.3076965928424169
8D4	E10G	no	0.1321249932844459
8D4	Y32N	no	-0.2643854744638254
8D4	I52L	no	-0.6487295609590262
8D4	P52aG	no	-1.9505146799612456
8D4	I53M	no	-0.6988581118074926
8D4	F54L	no	-0.6574572177287266
8D4	G55R	no	-1.5551656993558964
8D4	A57T	yes	-0.1829834343540017
8D4	S74F	yes	-0.3003159343078287
8D4	T75M	no	-0.3442557932428371
8D4	S76N	yes	0.1260161555777728
8D4	R83T	yes	0.352189462704505
148	T28I	no	-0.0736598852571717
148	F29L	no	0.0115956190152619
148	S30R	no	-0.5393880385480685
148	S31N	yes	-0.0606883148982149
148	L45P	no	0.0513062063258988
148	P52aA	no	-2.9665717104949483
148	A57T	yes	-0.1829834343540017
148	S76R	no	0.099032648086073
148	A78S	no	-0.1377155429333694
3809	G27V	no	-0.5006470546932249
3809	T28I	no	-0.0736598852571717
3809	S30N	yes	0.0212755857516313
3809	Y32N	no	-0.2643854744638254
3809	M48V	no	0.2898409437083487
3809	I52V	no	0.3093870535037837
3809	P52aA	no	-2.9665717104949483
3809	A57P	no	-0.012203272793128
3809	N58K	no	-0.4708253723238265
3809	I69L	no	-0.6480889680433428
3809	A78V	no	0.0448827766832593
3809	V89I	no	-0.0409605730075401
633	K13N	no	0.3475468294528259
633	A24S	yes	0.0138925731007528
633	G27V	no	-0.5006470546932249
633	S30T	no	-0.2998005355949242
633	I52N	no	0.0075659064437196
633	P52aA	no	-2.9665717104949483
633	G55R	no	-1.5551656993558964
633	N58S	no	-0.4045567053172139
633	S76T	no	-0.0872480700334108
633	A78T	no	-0.0667360645022512
633	R83T	yes	0.352189462704505
633	A88G	no	-0.4143974834013004
SFV009 2A06	K13R	no	0.2609937778214579
SFV009 2A06	K19T	no	-0.1282861807476649
SFV009 2A06	T28S	no	0.0324307648565547
SFV009 2A06	S30T	no	-0.2998005355949242
SFV009 2A06	Y32F	no	-0.2787094630308253
SFV009 2A06	A33V	no	-3.2231517420610114
SFV009 2A06	I51V	no	0.167673984579098
SFV009 2A06	G55A	no	-0.3381786637634878
SFV009 2A06	A57P	no	-0.012203272793128
SFV009 2A06	N58K	no	-0.4708253723238265
SFV009 2A06	V67L	no	-0.3398206497923652
SFV009 2A06	S76N	yes	0.1260161555777728
SFV009 2A06	S82aT	no	0.0353718714261965
SFV009 2A06	V89M	no	-0.1300976656836994
550C06	K23T	no	-0.640393150111116
550C06	T28S	no	0.0324307648565547
550C06	S30M	no	-0.5939442250112812
550C06	A33S	no	-1.7749009615926878
550C06	L45P	no	0.0513062063258988
550C06	I53V	no	-0.5429808545337451
550C06	T56R	no	-0.6308986859716796
550C06	A57P	no	-0.012203272793128
550C06	K62R	no	-0.1633989357592753
550C06	F63W	no	-0.4388837902315323
550C06	G65D	no	-0.333104431956233
550C06	S76R	no	0.099032648086073
550C06	S82aR	no	-0.4590636273754569
550C06	S82bN	no	0.3292341688446072
FI12	T28S	no	0.0324307648565547
FI12	S30I	no	-2.1111413599871014
FI12	S35G	no	-1.7883336128767624
FI12	M48I	no	-0.0229970662824321
FI12	I53V	no	-0.5429808545337451
FI12	T56S	yes	-0.4858704037406411
FI12	K62N	no	-0.2498317501712108
FI12	T75S	yes	0.1222968162757744
FI12	M80L	no	-0.1272629556693942
FI12	S82aT	no	0.0353718714261965
FI1309	P14S	no	0.1548910556292639
FI1309	S31N	yes	-0.0606883148982149
FI1309	I53V	no	-0.5429808545337451
FI1309	A57P	no	-0.012203272793128
FI1309	R66K	no	-0.5349670808914215
FI1309	V67I	no	0.172952271796527
FI1309	T68R	no	-0.0178034067339059
FI1309	T70I	no	-0.5192507093774648
FI1309	A78M	no	0.12732132410299
FI152	G27V	no	-0.5006470546932249
FI152	T28I	no	-0.0736598852571717
FI152	S30N	yes	0.0212755857516313
FI152	S31N	yes	-0.0606883148982149
FI152	Y32K	no	-1.56766174453697
FI152	I34L	no	-0.1911265825337142
FI152	M48I	no	-0.0229970662824321
FI152	I52V	no	0.3093870535037837
FI152	P52aA	no	-2.9665717104949483
FI152	I53T	no	-1.1690687832143851
FI152	A57P	no	-0.012203272793128
FI152	N58K	no	-0.4708253723238265
FI152	I69L	no	-0.6480889680433428
FI152	S76T	no	-0.0872480700334108
FI152	A78V	no	0.0448827766832593
FI152	M80L	no	-0.1272629556693942
FI152	V89I	no	-0.0409605730075401
FI154	L4V	no	-0.6106561754927391
FI154	A9T	no	0.0189155067896251
FI154	T28L	no	0.1867203650024507
FI154	S30R	no	-0.5393880385480685
FI154	Y32N	no	-0.2643854744638254
FI154	M48L	no	-0.3538377508792258
FI154	P52aA	no	-2.9665717104949483
FI154	A57S	no	-0.0856555109839263
FI154	N58K	no	-0.4708253723238265
FI154	S82aR	no	-0.4590636273754569
FI154	V89L	no	-0.5707460970632816
FI154	Y91F	yes	-0.2894278940918724
FI163	G27V	no	-0.5006470546932249
FI163	T28I	no	-0.0736598852571717
FI163	S30N	yes	0.0212755857516313
FI163	Y32N	no	-0.2643854744638254
FI163	M48V	no	0.2898409437083487
FI163	I52V	no	0.3093870535037837
FI163	P52aA	no	-2.9665717104949483
FI163	A57P	no	-0.012203272793128
FI163	N58K	no	-0.4708253723238265
FI163	I69L	no	-0.6480889680433428
FI163	A78V	no	0.0448827766832593
FI163	V89I	no	-0.0409605730075401
FI171	G27V	no	-0.5006470546932249
FI171	T28I	no	-0.0736598852571717
FI171	S30N	yes	0.0212755857516313
FI171	Y32N	no	-0.2643854744638254
FI171	M48V	no	0.2898409437083487
FI171	I52V	no	0.3093870535037837
FI171	P52aA	no	-2.9665717104949483
FI171	A57P	no	-0.012203272793128
FI171	N58K	no	-0.4708253723238265
FI171	I69L	no	-0.6480889680433428
FI171	A78V	no	0.0448827766832593
FI171	V89I	no	-0.0409605730075401
FI174	K12R	no	-0.1616409070622992
FI174	A24T	no	-0.2078219665669856
FI174	T28I	no	-0.0736598852571717
FI174	F29I	no	-0.4066018246571552
FI174	S30R	no	-0.5393880385480685
FI174	S31K	no	-0.0967551088445439
FI174	I34L	no	-0.1911265825337142
FI174	P52aA	no	-2.9665717104949483
FI174	A57T	yes	-0.1829834343540017
FI174	T70N	no	-0.8724752931552224
FI174	A78V	no	0.0448827766832593
FI174	M80L	no	-0.1272629556693942
FI174	R83T	yes	0.352189462704505
FI174	V89I	no	-0.0409605730075401
FI182	K12R	no	-0.1616409070622992
FI182	T28P	no	0.0204015401595221
FI182	S30L	no	-1.4171677678756378
FI182	S35A	no	-2.5540741891334733
FI182	I52V	no	0.3093870535037837
FI182	I53V	no	-0.5429808545337451
FI182	A57P	no	-0.012203272793128
FI182	A78T	no	-0.0667360645022512
FI182	V89I	no	-0.0409605730075401
FI182	Y91F	yes	-0.2894278940918724
FI206	K12R	no	-0.1616409070622992
FI206	A24T	no	-0.2078219665669856
FI206	T28I	no	-0.0736598852571717
FI206	S30R	no	-0.5393880385480685
FI206	S31N	yes	-0.0606883148982149
FI206	Y32H	no	0.0926320582760205
FI206	I51V	no	0.167673984579098
FI206	P52aA	no	-2.9665717104949483
FI206	I53L	no	-0.6214778428187913
FI206	A57T	yes	-0.1829834343540017
FI206	V67L	no	-0.3398206497923652
FI206	A78D	no	-3.1478310496136217
FI206	S82bG	no	-0.2373266868177594
FI206	R83T	yes	0.352189462704505
FI206	V89T	no	0.3265832276869069
FI209	T28P	no	0.0204015401595221
FI209	S30L	no	-1.4171677678756378
FI209	S35A	no	-2.5540741891334733
FI209	V37L	no	-0.6459381852503352
FI209	I53V	no	-0.5429808545337451
FI209	A57P	no	-0.012203272793128
FI209	A78T	no	-0.0667360645022512
FI209	V89I	no	-0.0409605730075401
FI209	Y91F	yes	-0.2894278940918724
FI211	K12R	no	-0.1616409070622992
FI211	T28P	no	0.0204015401595221
FI211	S30L	no	-1.4171677678756378
FI211	S35A	no	-2.5540741891334733
FI211	I52V	no	0.3093870535037837
FI211	I53V	no	-0.5429808545337451
FI211	A57P	no	-0.012203272793128
FI211	A78T	no	-0.0667360645022512
FI211	V89I	no	-0.0409605730075401
FI211	Y91F	yes	-0.2894278940918724
FI225	T28I	no	-0.0736598852571717
FI225	S30R	no	-0.5393880385480685
FI225	Y32N	no	-0.2643854744638254
FI225	I34L	no	-0.1911265825337142
FI225	W47Y	no	-0.9388396476005418
FI225	M48L	no	-0.3538377508792258
FI225	I52T	no	-0.0188762572547194
FI225	P52aA	no	-2.9665717104949483
FI225	A57T	yes	-0.1829834343540017
FI225	N58T	no	-0.1928848533666034
FI225	A78V	no	0.0448827766832593
FI225	E81D	no	-0.1592424551643496
FI225	E85D	no	0.0390960353420624
FI225	Y91F	yes	-0.2894278940918724
FI250	A9P	no	-0.3886395513825249
FI250	K12R	no	-0.1616409070622992
FI250	A24V	no	-0.4622755980772961
FI250	T28I	no	-0.0736598852571717
FI250	F29L	no	0.0115956190152619
FI250	S30N	yes	0.0212755857516313
FI250	P52aA	no	-2.9665717104949483
FI250	A57T	yes	-0.1829834343540017
FI250	N58K	no	-0.4708253723238265
FI250	S74G	no	-0.3565352315096852
FI250	S76T	no	-0.0872480700334108
FI250	A78V	no	0.0448827766832593
FI250	S82bG	no	-0.2373266868177594
FI250	E85D	no	0.0390960353420624
FI264	K12R	no	-0.1616409070622992
FI264	T28P	no	0.0204015401595221
FI264	S30L	no	-1.4171677678756378
FI264	S35A	no	-2.5540741891334733
FI264	I52V	no	0.3093870535037837
FI264	I53V	no	-0.5429808545337451
FI264	A57P	no	-0.012203272793128
FI264	A78T	no	-0.0667360645022512
FI264	V89I	no	-0.0409605730075401
FI264	Y91F	yes	-0.2894278940918724
FI271	K12R	no	-0.1616409070622992
FI271	K23R	no	-0.2338418684913961
FI271	A24T	no	-0.2078219665669856
FI271	T28I	no	-0.0736598852571717
FI271	F29I	no	-0.4066018246571552
FI271	S30R	no	-0.5393880385480685
FI271	S31K	no	-0.0967551088445439
FI271	I34L	no	-0.1911265825337142
FI271	P52aA	no	-2.9665717104949483
FI271	A57T	yes	-0.1829834343540017
FI271	A78V	no	0.0448827766832593
FI271	M80L	no	-0.1272629556693942
FI271	S84Y	no	-0.4758493638223839
FI271	V89I	no	-0.0409605730075401
FI281	K12R	no	-0.1616409070622992
FI281	T28P	no	0.0204015401595221
FI281	S30L	no	-1.4171677678756378
FI281	S35A	no	-2.5540741891334733
FI281	I52V	no	0.3093870535037837
FI281	I53V	no	-0.5429808545337451
FI281	A57P	no	-0.012203272793128
FI281	A78T	no	-0.0667360645022512
FI281	V89I	no	-0.0409605730075401
FI281	Y91F	yes	-0.2894278940918724
FI288	T28P	no	0.0204015401595221
FI288	S30L	no	-1.4171677678756378
FI288	S35A	no	-2.5540741891334733
FI288	V37L	no	-0.6459381852503352
FI288	I53V	no	-0.5429808545337451
FI288	A57P	no	-0.012203272793128
FI288	A78T	no	-0.0667360645022512
FI288	V89I	no	-0.0409605730075401
FI288	Y91F	yes	-0.2894278940918724
FI295	S25P	no	0.0683123961172391
FI295	S31T	no	-0.0193992497274173
FI295	A33I	no	-3.1763193154163556
FI295	I53L	no	-0.6214778428187913
FI295	A57P	no	-0.012203272793128
FI295	T75A	no	0.1754746470948518
FI295	S76N	yes	0.1260161555777728
FI295	A78V	no	0.0448827766832593
FI297	K12R	no	-0.1616409070622992
FI297	T28P	no	0.0204015401595221
FI297	S30L	no	-1.4171677678756378
FI297	S35A	no	-2.5540741891334733
FI297	I52V	no	0.3093870535037837
FI297	I53V	no	-0.5429808545337451
FI297	A57P	no	-0.012203272793128
FI297	A78T	no	-0.0667360645022512
FI297	V89I	no	-0.0409605730075401
FI297	Y91F	yes	-0.2894278940918724
FI3005	T28N	no	-2.734493961588635
FI3005	S31N	yes	-0.0606883148982149
FI3005	S35N	no	-3.491764194464591
FI3005	G50W	no	-3.2330392999276043
FI3005	I52N	no	0.0075659064437196
FI3005	A57T	yes	-0.1829834343540017
FI3005	N58R	no	-0.5534975538369302
FI3005	A60I	no	-1.3227743185374514
FI3005	Q61R	no	-0.4044664202646757
FI3005	V67L	no	-0.3398206497923652
FI3005	T68S	no	-0.3188824560909715
FI3005	I69L	no	-0.6480889680433428
FI3005	L82V	no	-0.2381584242321892
FI3016	F29L	no	0.0115956190152619
FI3016	S31N	yes	-0.0606883148982149
FI3016	Y32I	no	-3.0633676237946244
FI3016	A33D	no	-3.009438636796009
FI3016	I53V	no	-0.5429808545337451
FI3016	T56A	no	-0.1235874860887076
FI3016	F63L	no	-0.465099920825649
FI3016	K73R	no	0.1379742170975078
FI3016	S76R	no	0.099032648086073
FI3016	A78V	no	0.0448827766832593
FI3016	M80L	no	-0.1272629556693942
FI3016	S82aT	no	0.0353718714261965
FI3016	E85D	no	0.0390960353420624
FI302	T28P	no	0.0204015401595221
FI302	S30L	no	-1.4171677678756378
FI302	S35A	no	-2.5540741891334733
FI302	V37L	no	-0.6459381852503352
FI302	I53V	no	-0.5429808545337451
FI302	A57P	no	-0.012203272793128
FI302	A78T	no	-0.0667360645022512
FI302	V89I	no	-0.0409605730075401
FI302	Y91F	yes	-0.2894278940918724
FI3066	V11L	no	0.0564900477275926
FI3066	G27D	no	0.0106547719079088
FI3066	T28R	no	0.0361501594703401
FI3066	Y32F	no	-0.2787094630308253
FI3066	S35T	no	-1.338767651821076
FI3066	I52M	no	-1.176049106308998
FI3066	P52aG	no	-1.9505146799612456
FI3066	A57T	yes	-0.1829834343540017
FI3066	N58D	no	-0.5242133531453597
FI3066	S74M	no	0.4361296330737723
FI3066	A78G	no	-0.8368286170540671
FI3066	S82bG	no	-0.2373266868177594
FI3095	Q6E	no	-0.3076965928424169
FI3095	T28P	no	0.0204015401595221
FI3095	S30I	no	-2.1111413599871014
FI3095	S35A	no	-2.5540741891334733
FI3095	I52N	no	0.0075659064437196
FI3095	I53V	no	-0.5429808545337451
FI3095	T56A	no	-0.1235874860887076
FI3095	A57P	no	-0.012203272793128
FI3095	A78T	no	-0.0667360645022512
FI3095	V89I	no	-0.0409605730075401
FI3095	Y91F	yes	-0.2894278940918724
FI3096	Q6E	no	-0.3076965928424169
FI3096	K12R	no	-0.1616409070622992
FI3096	S31T	no	-0.0193992497274173
FI3096	Y32F	no	-0.2787094630308253
FI3096	A33V	no	-3.2231517420610114
FI3096	S35N	no	-3.491764194464591
FI3096	I53M	no	-0.6988581118074926
FI3096	T56A	no	-0.1235874860887076
FI3096	A60G	no	-0.1678535690153957
FI3096	K62R	no	-0.1633989357592753
FI3096	F63L	no	-0.465099920825649
FI3096	S76R	no	0.099032648086073
FI3096	A78G	no	-0.8368286170540671
FI3096	S82aR	no	-0.4590636273754569
FI3096	S82bR	no	-0.4952439279883194
FI3096	E85D	no	0.0390960353420624
FI3120	S31G	no	-0.5195558289611242
FI3120	Y32S	no	-1.6000625132815305
FI3120	A33S	no	-1.7749009615926878
FI3120	I52M	no	-1.176049106308998
FI3120	I53L	no	-0.6214778428187913
FI3120	G55D	no	0.0150295266634241
FI3120	N58H	no	-0.1934452067030694
FI3120	K62R	no	-0.1633989357592753
FI3120	V67I	no	0.172952271796527
FI3120	A78T	no	-0.0667360645022512
FI3120	S82aR	no	-0.4590636273754569
FI3120	S84P	no	-0.09454263523536
FI3120	V89I	no	-0.0409605730075401
FI3153	G27V	no	-0.5006470546932249
FI3153	T28I	no	-0.0736598852571717
FI3153	S30N	yes	0.0212755857516313
FI3153	Y32N	no	-0.2643854744638254
FI3153	M48V	no	0.2898409437083487
FI3153	I52V	no	0.3093870535037837
FI3153	P52aA	no	-2.9665717104949483
FI3153	A57P	no	-0.012203272793128
FI3153	N58K	no	-0.4708253723238265
FI3153	I69L	no	-0.6480889680433428
FI3153	A78V	no	0.0448827766832593
FI3153	V89I	no	-0.0409605730075401
FI3203	G27V	no	-0.5006470546932249
FI3203	T28I	no	-0.0736598852571717
FI3203	S30N	yes	0.0212755857516313
FI3203	Y32N	no	-0.2643854744638254
FI3203	M48V	no	0.2898409437083487
FI3203	I52V	no	0.3093870535037837
FI3203	P52aA	no	-2.9665717104949483
FI3203	A57P	no	-0.012203272793128
FI3203	N58K	no	-0.4708253723238265
FI3203	I69L	no	-0.6480889680433428
FI3203	A78V	no	0.0448827766832593
FI3203	V89I	no	-0.0409605730075401
FI325	K23R	no	-0.2338418684913961
FI325	T28I	no	-0.0736598852571717
FI325	S30R	no	-0.5393880385480685
FI325	S31N	yes	-0.0606883148982149
FI325	Y32T	no	-1.4983932032321867
FI325	I52T	no	-0.0188762572547194
FI325	P52aA	no	-2.9665717104949483
FI325	I53L	no	-0.6214778428187913
FI325	A57T	yes	-0.1829834343540017
FI325	T68S	no	-0.3188824560909715
FI325	S76N	yes	0.1260161555777728
FI325	A78V	no	0.0448827766832593
FI325	L82V	no	-0.2381584242321892
FI325	S82aT	no	0.0353718714261965
FI325	Y91F	yes	-0.2894278940918724
FI3357	T28I	no	-0.0736598852571717
FI3357	S30R	no	-0.5393880385480685
FI3357	S31N	yes	-0.0606883148982149
FI3357	M48I	no	-0.0229970662824321
FI3357	I52F	no	-2.2504344513531844
FI3357	P52aA	no	-2.9665717104949483
FI3357	T56K	no	-0.3440960140492635
FI3357	A57V	no	-0.3926512953696779
FI3357	T75S	yes	0.1222968162757744
FI3357	S82aN	yes	-0.1068918090600199
FI3357	E85V	no	-1.1141123864812208
FI3357	Y91F	yes	-0.2894278940918724
FI338	T28I	no	-0.0736598852571717
FI338	F29L	no	0.0115956190152619
FI338	S30R	no	-0.5393880385480685
FI338	S31N	yes	-0.0606883148982149
FI338	L45P	no	0.0513062063258988
FI338	P52aA	no	-2.9665717104949483
FI338	A57T	yes	-0.1829834343540017
FI338	S76R	no	0.099032648086073
FI338	A78S	no	-0.1377155429333694
FI339	T28P	no	0.0204015401595221
FI339	S30L	no	-1.4171677678756378
FI339	S35A	no	-2.5540741891334733
FI339	I53V	no	-0.5429808545337451
FI339	A57P	no	-0.012203272793128
FI339	A78T	no	-0.0667360645022512
FI339	V89I	no	-0.0409605730075401
FI339	Y91F	yes	-0.2894278940918724
FI343	T28P	no	0.0204015401595221
FI343	S30L	no	-1.4171677678756378
FI343	S35A	no	-2.5540741891334733
FI343	I53V	no	-0.5429808545337451
FI343	T56A	no	-0.1235874860887076
FI343	A57P	no	-0.012203272793128
FI343	T75S	yes	0.1222968162757744
FI343	A78T	no	-0.0667360645022512
FI343	E85D	no	0.0390960353420624
FI343	V89M	no	-0.1300976656836994
FI343	Y91F	yes	-0.2894278940918724
FI353	V11I	no	-0.0215519776851635
FI353	K23R	no	-0.2338418684913961
FI353	G27T	no	0.0962706017956946
FI353	S30R	no	-0.5393880385480685
FI353	Y32F	no	-0.2787094630308253
FI353	W47Y	no	-0.9388396476005418
FI353	I51V	no	0.167673984579098
FI353	P52aA	no	-2.9665717104949483
FI353	I53L	no	-0.6214778428187913
FI353	S76N	yes	0.1260161555777728
FI359	T28P	no	0.0204015401595221
FI359	S30V	no	-1.848952330269153
FI359	S35A	no	-2.5540741891334733
FI359	I53V	no	-0.5429808545337451
FI359	T56A	no	-0.1235874860887076
FI359	A57P	no	-0.012203272793128
FI359	A78T	no	-0.0667360645022512
FI359	E85D	no	0.0390960353420624
FI359	V89M	no	-0.1300976656836994
FI359	Y91F	yes	-0.2894278940918724
FI372	K13N	no	0.3475468294528259
FI372	A24S	yes	0.0138925731007528
FI372	G27V	no	-0.5006470546932249
FI372	S30T	no	-0.2998005355949242
FI372	I52N	no	0.0075659064437196
FI372	P52aA	no	-2.9665717104949483
FI372	G55R	no	-1.5551656993558964
FI372	N58S	no	-0.4045567053172139
FI372	S76T	no	-0.0872480700334108
FI372	A78T	no	-0.0667360645022512
FI372	R83T	yes	0.352189462704505
FI372	A88G	no	-0.4143974834013004
FI373	V11L	no	0.0564900477275926
FI373	T28I	no	-0.0736598852571717
FI373	S30N	yes	0.0212755857516313
FI373	V37L	no	-0.6459381852503352
FI373	I52N	no	0.0075659064437196
FI373	P52aA	no	-2.9665717104949483
FI373	G55A	no	-0.3381786637634878
FI373	N58E	no	-1.079570777730689
FI373	S76T	no	-0.0872480700334108
FI373	S82aT	no	0.0353718714261965
FI373	E85D	no	0.0390960353420624
FI385	K12R	no	-0.1616409070622992
FI385	K23R	no	-0.2338418684913961
FI385	A24T	no	-0.2078219665669856
FI385	T28I	no	-0.0736598852571717
FI385	F29I	no	-0.4066018246571552
FI385	S30R	no	-0.5393880385480685
FI385	S31K	no	-0.0967551088445439
FI385	I34L	no	-0.1911265825337142
FI385	P52aA	no	-2.9665717104949483
FI385	A57T	yes	-0.1829834343540017
FI385	A78V	no	0.0448827766832593
FI385	M80L	no	-0.1272629556693942
FI385	V89I	no	-0.0409605730075401
FI387	K12R	no	-0.1616409070622992
FI387	K23R	no	-0.2338418684913961
FI387	A24T	no	-0.2078219665669856
FI387	T28I	no	-0.0736598852571717
FI387	F29I	no	-0.4066018246571552
FI387	S30R	no	-0.5393880385480685
FI387	S31K	no	-0.0967551088445439
FI387	I34L	no	-0.1911265825337142
FI387	P52aA	no	-2.9665717104949483
FI387	A57T	yes	-0.1829834343540017
FI387	A78V	no	0.0448827766832593
FI387	M80L	no	-0.1272629556693942
FI387	V89I	no	-0.0409605730075401
FI388	G27V	no	-0.5006470546932249
FI388	T28I	no	-0.0736598852571717
FI388	S30N	yes	0.0212755857516313
FI388	S31N	yes	-0.0606883148982149
FI388	Y32K	no	-1.56766174453697
FI388	I34L	no	-0.1911265825337142
FI388	M48I	no	-0.0229970662824321
FI388	I52V	no	0.3093870535037837
FI388	P52aA	no	-2.9665717104949483
FI388	I53T	no	-1.1690687832143851
FI388	A57P	no	-0.012203272793128
FI388	N58K	no	-0.4708253723238265
FI388	I69L	no	-0.6480889680433428
FI388	S76T	no	-0.0872480700334108
FI388	A78V	no	0.0448827766832593
FI388	M80L	no	-0.1272629556693942
FI388	V89I	no	-0.0409605730075401
FI390	T28P	no	0.0204015401595221
FI390	S30I	no	-2.1111413599871014
FI390	S35A	no	-2.5540741891334733
FI390	I53V	no	-0.5429808545337451
FI390	K62R	no	-0.1633989357592753
FI390	Y79H	no	-0.0491464376455219
FI392	P14S	no	0.1548910556292639
FI392	T28I	no	-0.0736598852571717
FI392	S30R	no	-0.5393880385480685
FI392	S31N	yes	-0.0606883148982149
FI392	I51T	no	-0.2871334332617898
FI392	P52aA	no	-2.9665717104949483
FI392	I53Q	no	-3.5307362387737644
FI392	A57S	no	-0.0856555109839263
FI392	N58E	no	-1.079570777730689
FI392	Y59K	no	-1.383583701523225
FI392	T70S	yes	-0.3526033836487059
FI392	S76N	yes	0.1260161555777728
FI393	G27D	no	0.0106547719079088
FI393	S35T	no	-1.338767651821076
FI393	P52aG	no	-1.9505146799612456
FI393	I53M	no	-0.6988581118074926
FI393	A57T	yes	-0.1829834343540017
FI393	N58D	no	-0.5242133531453597
FI393	S74M	no	0.4361296330737723
FI393	A78S	no	-0.1377155429333694
FI393	S82aR	no	-0.4590636273754569
FI398	G27V	no	-0.5006470546932249
FI398	T28I	no	-0.0736598852571717
FI398	S30N	yes	0.0212755857516313
FI398	S31N	yes	-0.0606883148982149
FI398	Y32K	no	-1.56766174453697
FI398	I34L	no	-0.1911265825337142
FI398	M48I	no	-0.0229970662824321
FI398	I52V	no	0.3093870535037837
FI398	P52aA	no	-2.9665717104949483
FI398	I53T	no	-1.1690687832143851
FI398	A57P	no	-0.012203272793128
FI398	N58K	no	-0.4708253723238265
FI398	I69L	no	-0.6480889680433428
FI398	S76T	no	-0.0872480700334108
FI398	A78V	no	0.0448827766832593
FI398	M80L	no	-0.1272629556693942
FI398	V89I	no	-0.0409605730075401
FI4004	K13R	no	0.2609937778214579
FI4004	A24T	no	-0.2078219665669856
FI4004	S30N	yes	0.0212755857516313
FI4004	A33S	no	-1.7749009615926878
FI4004	S35N	no	-3.491764194464591
FI4004	P52aA	no	-2.9665717104949483
FI4004	A57T	yes	-0.1829834343540017
FI4004	S74F	yes	-0.3003159343078287
FI4004	T75P	no	-2.3225880837644333
FI4004	S76R	no	0.099032648086073
FI4004	R83T	yes	0.352189462704505
FI4007	T28I	no	-0.0736598852571717
FI4007	S30R	no	-0.5393880385480685
FI4007	S31N	yes	-0.0606883148982149
FI4007	P52aA	no	-2.9665717104949483
FI4007	I53Q	no	-3.5307362387737644
FI4007	A57T	yes	-0.1829834343540017
FI4007	Y59I	no	0.0479352650903539
FI4007	A78D	no	-3.1478310496136217
FI4008	G27V	no	-0.5006470546932249
FI4008	T28I	no	-0.0736598852571717
FI4008	S30N	yes	0.0212755857516313
FI4008	S31N	yes	-0.0606883148982149
FI4008	Y32K	no	-1.56766174453697
FI4008	I34L	no	-0.1911265825337142
FI4008	M48I	no	-0.0229970662824321
FI4008	I52V	no	0.3093870535037837
FI4008	P52aA	no	-2.9665717104949483
FI4008	I53T	no	-1.1690687832143851
FI4008	A57P	no	-0.012203272793128
FI4008	N58K	no	-0.4708253723238265
FI4008	I69L	no	-0.6480889680433428
FI4008	S76T	no	-0.0872480700334108
FI4008	A78V	no	0.0448827766832593
FI4008	M80L	no	-0.1272629556693942
FI4008	V89I	no	-0.0409605730075401
FI400	A24T	no	-0.2078219665669856
FI400	T28I	no	-0.0736598852571717
FI400	S30R	no	-0.5393880385480685
FI400	S31N	yes	-0.0606883148982149
FI400	I52L	no	-0.6487295609590262
FI400	P52aA	no	-2.9665717104949483
FI400	I53V	no	-0.5429808545337451
FI400	T56S	yes	-0.4858704037406411
FI400	A57V	no	-0.3926512953696779
FI400	V67L	no	-0.3398206497923652
FI400	T70S	yes	-0.3526033836487059
FI400	M80L	no	-0.1272629556693942
FI400	V89I	no	-0.0409605730075401
FI4012	G27D	no	0.0106547719079088
FI4012	S30T	no	-0.2998005355949242
FI4012	S31H	no	-1.4710109706337704
FI4012	Y32D	no	-3.2975742708055726
FI4012	I34F	no	-0.0247710145559665
FI4012	S35N	no	-3.491764194464591
FI4012	G50E	no	-3.3637593195502618
FI4012	I52T	no	-0.0188762572547194
FI4012	I53F	no	-0.4826784303118465
FI4012	A57P	no	-0.012203272793128
FI4012	S76T	no	-0.0872480700334108
FI4012	A78V	no	0.0448827766832593
FI4012	L82V	no	-0.2381584242321892
FI4012	S82aH	no	-0.2566313095490304
FI4017	G27V	no	-0.5006470546932249
FI4017	T28I	no	-0.0736598852571717
FI4017	S30N	yes	0.0212755857516313
FI4017	S31N	yes	-0.0606883148982149
FI4017	Y32K	no	-1.56766174453697
FI4017	I34L	no	-0.1911265825337142
FI4017	M48I	no	-0.0229970662824321
FI4017	I52V	no	0.3093870535037837
FI4017	P52aA	no	-2.9665717104949483
FI4017	I53T	no	-1.1690687832143851
FI4017	A57P	no	-0.012203272793128
FI4017	N58K	no	-0.4708253723238265
FI4017	I69L	no	-0.6480889680433428
FI4017	S76T	no	-0.0872480700334108
FI4017	A78V	no	0.0448827766832593
FI4017	M80L	no	-0.1272629556693942
FI4017	V89I	no	-0.0409605730075401
FI404	V11L	no	0.0564900477275926
FI404	T28I	no	-0.0736598852571717
FI404	S30N	yes	0.0212755857516313
FI404	V37L	no	-0.6459381852503352
FI404	I52N	no	0.0075659064437196
FI404	P52aA	no	-2.9665717104949483
FI404	G55A	no	-0.3381786637634878
FI404	N58E	no	-1.079570777730689
FI404	K62N	no	-0.2498317501712108
FI404	S76T	no	-0.0872480700334108
FI404	S82aT	no	0.0353718714261965
FI404	E85D	no	0.0390960353420624
FI416	K12R	no	-0.1616409070622992
FI416	K23R	no	-0.2338418684913961
FI416	A24T	no	-0.2078219665669856
FI416	T28I	no	-0.0736598852571717
FI416	F29I	no	-0.4066018246571552
FI416	S30R	no	-0.5393880385480685
FI416	S31K	no	-0.0967551088445439
FI416	I34L	no	-0.1911265825337142
FI416	P52aA	no	-2.9665717104949483
FI416	A57T	yes	-0.1829834343540017
FI416	A78V	no	0.0448827766832593
FI416	M80L	no	-0.1272629556693942
FI416	V89I	no	-0.0409605730075401
FI417	V11L	no	0.0564900477275926
FI417	K12R	no	-0.1616409070622992
FI417	A24T	no	-0.2078219665669856
FI417	T28I	no	-0.0736598852571717
FI417	F29V	no	-0.6819013294123124
FI417	S30R	no	-0.5393880385480685
FI417	S31K	no	-0.0967551088445439
FI417	I51V	no	0.167673984579098
FI417	P52aA	no	-2.9665717104949483
FI417	A57P	no	-0.012203272793128
FI417	N58K	no	-0.4708253723238265
FI417	S76G	no	-0.4294833356786718
FI417	S82aT	no	0.0353718714261965
FI417	R83T	yes	0.352189462704505
FI417	V89T	no	0.3265832276869069
FI424	K12R	no	-0.1616409070622992
FI424	K23R	no	-0.2338418684913961
FI424	A24T	no	-0.2078219665669856
FI424	T28I	no	-0.0736598852571717
FI424	F29I	no	-0.4066018246571552
FI424	S30R	no	-0.5393880385480685
FI424	S31K	no	-0.0967551088445439
FI424	I34L	no	-0.1911265825337142
FI424	P52aA	no	-2.9665717104949483
FI424	A57T	yes	-0.1829834343540017
FI424	Y59S	no	-0.7157670182712614
FI424	A78V	no	0.0448827766832593
FI424	M80L	no	-0.1272629556693942
FI424	V89T	no	0.3265832276869069
FI430	P14S	no	0.1548910556292639
FI430	T28I	no	-0.0736598852571717
FI430	S30R	no	-0.5393880385480685
FI430	S31N	yes	-0.0606883148982149
FI430	Q43K	no	-0.1940678540194618
FI430	I51S	no	-0.4563757007168192
FI430	P52aA	no	-2.9665717104949483
FI430	I53Q	no	-3.5307362387737644
FI430	A57T	yes	-0.1829834343540017
FI430	N58E	no	-1.079570777730689
FI430	Y59K	no	-1.383583701523225
FI430	T70S	yes	-0.3526033836487059
FI430	S76N	yes	0.1260161555777728
FI431	V11L	no	0.0564900477275926
FI431	K12R	no	-0.1616409070622992
FI431	A24T	no	-0.2078219665669856
FI431	T28I	no	-0.0736598852571717
FI431	F29L	no	0.0115956190152619
FI431	S30R	no	-0.5393880385480685
FI431	S31K	no	-0.0967551088445439
FI431	I51V	no	0.167673984579098
FI431	P52aA	no	-2.9665717104949483
FI431	A57P	no	-0.012203272793128
FI431	N58K	no	-0.4708253723238265
FI431	S76R	no	0.099032648086073
FI431	S82aT	no	0.0353718714261965
FI431	S82bR	no	-0.4952439279883194
FI431	R83T	yes	0.352189462704505
FI431	V89T	no	0.3265832276869069
FI432	G27V	no	-0.5006470546932249
FI432	A33G	no	-0.609750776730932
FI432	P52aA	no	-2.9665717104949483
FI432	I53V	no	-0.5429808545337451
FI432	A60G	no	-0.1678535690153957
FI432	K62N	no	-0.2498317501712108
FI432	V67L	no	-0.3398206497923652
FI432	T70S	yes	-0.3526033836487059
FI432	S76G	no	-0.4294833356786718
FI444	K12R	no	-0.1616409070622992
FI444	K23R	no	-0.2338418684913961
FI444	A24T	no	-0.2078219665669856
FI444	T28I	no	-0.0736598852571717
FI444	F29I	no	-0.4066018246571552
FI444	S30R	no	-0.5393880385480685
FI444	S31K	no	-0.0967551088445439
FI444	I34L	no	-0.1911265825337142
FI444	P52aA	no	-2.9665717104949483
FI444	A57T	yes	-0.1829834343540017
FI444	A78V	no	0.0448827766832593
FI444	M80L	no	-0.1272629556693942
FI444	V89I	no	-0.0409605730075401
FI447	K12R	no	-0.1616409070622992
FI447	K23R	no	-0.2338418684913961
FI447	A24T	no	-0.2078219665669856
FI447	T28I	no	-0.0736598852571717
FI447	F29I	no	-0.4066018246571552
FI447	S30R	no	-0.5393880385480685
FI447	S31K	no	-0.0967551088445439
FI447	I34L	no	-0.1911265825337142
FI447	P52aA	no	-2.9665717104949483
FI447	A57T	yes	-0.1829834343540017
FI447	A78V	no	0.0448827766832593
FI447	M80L	no	-0.1272629556693942
FI447	V89I	no	-0.0409605730075401
FI457	K13N	no	0.3475468294528259
FI457	A24S	yes	0.0138925731007528
FI457	G27V	no	-0.5006470546932249
FI457	S30T	no	-0.2998005355949242
FI457	I52N	no	0.0075659064437196
FI457	P52aA	no	-2.9665717104949483
FI457	G55R	no	-1.5551656993558964
FI457	N58S	no	-0.4045567053172139
FI457	S76T	no	-0.0872480700334108
FI457	A78T	no	-0.0667360645022512
FI457	R83T	yes	0.352189462704505
FI457	A88G	no	-0.4143974834013004
FI459	K12R	no	-0.1616409070622992
FI459	K23R	no	-0.2338418684913961
FI459	A24T	no	-0.2078219665669856
FI459	T28I	no	-0.0736598852571717
FI459	F29I	no	-0.4066018246571552
FI459	S30R	no	-0.5393880385480685
FI459	S31K	no	-0.0967551088445439
FI459	I34L	no	-0.1911265825337142
FI459	P52aA	no	-2.9665717104949483
FI459	A57T	yes	-0.1829834343540017
FI459	A78V	no	0.0448827766832593
FI459	M80L	no	-0.1272629556693942
FI459	V89I	no	-0.0409605730075401
FI467	K12R	no	-0.1616409070622992
FI467	K23R	no	-0.2338418684913961
FI467	A24T	no	-0.2078219665669856
FI467	T28I	no	-0.0736598852571717
FI467	F29I	no	-0.4066018246571552
FI467	S30R	no	-0.5393880385480685
FI467	S31K	no	-0.0967551088445439
FI467	I34L	no	-0.1911265825337142
FI467	P52aA	no	-2.9665717104949483
FI467	A57T	yes	-0.1829834343540017
FI467	A78V	no	0.0448827766832593
FI467	M80L	no	-0.1272629556693942
FI467	V89I	no	-0.0409605730075401
FI469	T28I	no	-0.0736598852571717
FI469	F29L	no	0.0115956190152619
FI469	S30R	no	-0.5393880385480685
FI469	S31N	yes	-0.0606883148982149
FI469	Y32V	no	-2.0244525707075987
FI469	M48L	no	-0.3538377508792258
FI469	I52T	no	-0.0188762572547194
FI469	P52aA	no	-2.9665717104949483
FI469	I53M	no	-0.6988581118074926
FI469	A57T	yes	-0.1829834343540017
FI469	G65D	no	-0.333104431956233
FI469	V67L	no	-0.3398206497923652
FI469	T68S	no	-0.3188824560909715
FI469	A78V	no	0.0448827766832593
FI469	L82V	no	-0.2381584242321892
FI469	S82aT	no	0.0353718714261965
FI469	E85D	no	0.0390960353420624
FI469	Y91F	yes	-0.2894278940918724
FI490	G27V	no	-0.5006470546932249
FI490	T28I	no	-0.0736598852571717
FI490	S30N	yes	0.0212755857516313
FI490	S31N	yes	-0.0606883148982149
FI490	Y32K	no	-1.56766174453697
FI490	I34L	no	-0.1911265825337142
FI490	M48I	no	-0.0229970662824321
FI490	I52V	no	0.3093870535037837
FI490	P52aA	no	-2.9665717104949483
FI490	I53T	no	-1.1690687832143851
FI490	A57P	no	-0.012203272793128
FI490	N58K	no	-0.4708253723238265
FI490	I69L	no	-0.6480889680433428
FI490	S76T	no	-0.0872480700334108
FI490	A78V	no	0.0448827766832593
FI490	M80L	no	-0.1272629556693942
FI490	V89I	no	-0.0409605730075401
FI499	K13E	no	0.1112803879337498
FI499	A24T	no	-0.2078219665669856
FI499	T28L	no	0.1867203650024507
FI499	F29I	no	-0.4066018246571552
FI499	S30R	no	-0.5393880385480685
FI499	S31K	no	-0.0967551088445439
FI499	Y32S	no	-1.6000625132815305
FI499	I34V	no	-0.1072331406752162
FI499	P52aA	no	-2.9665717104949483
FI499	I53L	no	-0.6214778428187913
FI499	G55N	no	-0.0368082213046037
FI499	A57K	no	-0.4302796613862369
FI499	N58D	no	-0.5242133531453597
FI499	Q61E	no	0.1212067693887739
FI499	V67L	no	-0.3398206497923652
FI499	S76A	no	-0.2989148689397147
FI499	R83T	yes	0.352189462704505
FI499	V89I	no	-0.0409605730075401
FI501	T28I	no	-0.0736598852571717
FI501	S30R	no	-0.5393880385480685
FI501	S31N	yes	-0.0606883148982149
FI501	P52aA	no	-2.9665717104949483
FI501	I53V	no	-0.5429808545337451
FI501	A57T	yes	-0.1829834343540017
FI501	Y59T	no	-0.8905610304733855
FI501	Q64H	no	-0.3576648396852402
FI501	T70S	yes	-0.3526033836487059
FI5119	K12R	no	-0.1616409070622992
FI5119	A24T	no	-0.2078219665669856
FI5119	F29I	no	-0.4066018246571552
FI5119	S30R	no	-0.5393880385480685
FI5119	S31K	no	-0.0967551088445439
FI5119	I34V	no	-0.1072331406752162
FI5119	P52aA	no	-2.9665717104949483
FI5119	A57T	yes	-0.1829834343540017
FI5119	N58T	no	-0.1928848533666034
FI5119	Q61E	no	0.1212067693887739
FI5119	S76G	no	-0.4294833356786718
FI5119	R83S	no	0.1828355858461137
FI5119	V89I	no	-0.0409605730075401
FI512	K19T	no	-0.1282861807476649
FI512	T28I	no	-0.0736598852571717
FI512	S30R	no	-0.5393880385480685
FI512	S31N	yes	-0.0606883148982149
FI512	M48I	no	-0.0229970662824321
FI512	I52F	no	-2.2504344513531844
FI512	P52aA	no	-2.9665717104949483
FI512	I53V	no	-0.5429808545337451
FI512	T56K	no	-0.3440960140492635
FI512	A57V	no	-0.3926512953696779
FI512	Y59S	no	-0.7157670182712614
FI512	S76N	yes	0.1260161555777728
FI512	S82aH	no	-0.2566313095490304
FI512	E85V	no	-1.1141123864812208
FI512	Y91F	yes	-0.2894278940918724
FI5138	K13R	no	0.2609937778214579
FI5138	T28I	no	-0.0736598852571717
FI5138	F29I	no	-0.4066018246571552
FI5138	S30R	no	-0.5393880385480685
FI5138	S31K	no	-0.0967551088445439
FI5138	A40V	no	-0.1230115187212099
FI5138	M48L	no	-0.3538377508792258
FI5138	P52aA	no	-2.9665717104949483
FI5138	A57T	yes	-0.1829834343540017
FI5138	N58D	no	-0.5242133531453597
FI5138	K62N	no	-0.2498317501712108
FI5138	T68I	no	-0.347513652876005
FI5138	M80L	no	-0.1272629556693942
FI5141	E10A	no	-0.2408553238855049
FI5141	I34F	no	-0.0247710145559665
FI5141	I52V	no	0.3093870535037837
FI5141	I53M	no	-0.6988581118074926
FI5141	A57V	no	-0.3926512953696779
FI5141	K62R	no	-0.1633989357592753
FI5141	S82aN	yes	-0.1068918090600199
FI5141	R83T	yes	0.352189462704505
FI5141	Y91F	yes	-0.2894278940918724
FI5153	T28I	no	-0.0736598852571717
FI5153	S30R	no	-0.5393880385480685
FI5153	S31K	no	-0.0967551088445439
FI5153	L45P	no	0.0513062063258988
FI5153	P52aA	no	-2.9665717104949483
FI5153	A57T	yes	-0.1829834343540017
FI5153	N58S	no	-0.4045567053172139
FI520	A24T	no	-0.2078219665669856
FI520	G27V	no	-0.5006470546932249
FI520	S30N	yes	0.0212755857516313
FI520	P52aA	no	-2.9665717104949483
FI520	I53L	no	-0.6214778428187913
FI520	G55K	no	-0.8675107161255067
FI520	A57T	yes	-0.1829834343540017
FI520	V67I	no	0.172952271796527
FI520	T70S	yes	-0.3526033836487059
FI520	S76N	yes	0.1260161555777728
FI521	K19Q	no	0.0815440104085638
FI521	K23R	no	-0.2338418684913961
FI521	G27D	no	0.0106547719079088
FI521	T28I	no	-0.0736598852571717
FI521	S30K	no	-1.7075190856076308
FI521	S31N	yes	-0.0606883148982149
FI521	I34L	no	-0.1911265825337142
FI521	Q39L	no	-0.8766843159876796
FI521	I52V	no	0.3093870535037837
FI521	I53L	no	-0.6214778428187913
FI521	A57T	yes	-0.1829834343540017
FI521	N58K	no	-0.4708253723238265
FI521	A60G	no	-0.1678535690153957
FI521	A78V	no	0.0448827766832593
FI521	E81D	no	-0.1592424551643496
FI521	R83S	no	0.1828355858461137
FI521	V89I	no	-0.0409605730075401
FI525	A9T	no	0.0189155067896251
FI525	A24T	no	-0.2078219665669856
FI525	G27D	no	0.0106547719079088
FI525	S35T	no	-1.338767651821076
FI525	I52V	no	0.3093870535037837
FI525	P52aG	no	-1.9505146799612456
FI525	I53M	no	-0.6988581118074926
FI525	A57T	yes	-0.1829834343540017
FI525	N58E	no	-1.079570777730689
FI525	S74M	no	0.4361296330737723
FI525	A78G	no	-0.8368286170540671
FI527	G8A	no	0.1201187394138401
FI527	K12R	no	-0.1616409070622992
FI527	T28I	no	-0.0736598852571717
FI527	S30R	no	-0.5393880385480685
FI527	S31N	yes	-0.0606883148982149
FI527	Y32F	no	-0.2787094630308253
FI527	I34L	no	-0.1911265825337142
FI527	I52T	no	-0.0188762572547194
FI527	P52aA	no	-2.9665717104949483
FI527	I53L	no	-0.6214778428187913
FI527	A57T	yes	-0.1829834343540017
FI527	N58T	no	-0.1928848533666034
FI527	G65D	no	-0.333104431956233
FI527	V67L	no	-0.3398206497923652
FI527	S76N	yes	0.1260161555777728
FI527	Y79F	no	-0.0632093565485014
FI527	M80L	no	-0.1272629556693942
FI527	E85D	no	0.0390960353420624
FI527	V89L	no	-0.5707460970632816
FI528	T28I	no	-0.0736598852571717
FI528	S30R	no	-0.5393880385480685
FI528	S31N	yes	-0.0606883148982149
FI528	P52aA	no	-2.9665717104949483
FI528	I53Q	no	-3.5307362387737644
FI528	A57T	yes	-0.1829834343540017
FI528	Y59I	no	0.0479352650903539
FI528	A78D	no	-3.1478310496136217
FI530	G27V	no	-0.5006470546932249
FI530	T28I	no	-0.0736598852571717
FI530	S30N	yes	0.0212755857516313
FI530	S31N	yes	-0.0606883148982149
FI530	Y32K	no	-1.56766174453697
FI530	I34L	no	-0.1911265825337142
FI530	M48I	no	-0.0229970662824321
FI530	I52V	no	0.3093870535037837
FI530	P52aA	no	-2.9665717104949483
FI530	I53T	no	-1.1690687832143851
FI530	A57P	no	-0.012203272793128
FI530	N58K	no	-0.4708253723238265
FI530	I69L	no	-0.6480889680433428
FI530	S76T	no	-0.0872480700334108
FI530	A78V	no	0.0448827766832593
FI530	M80L	no	-0.1272629556693942
FI530	V89I	no	-0.0409605730075401
FI531	K12R	no	-0.1616409070622992
FI531	K23R	no	-0.2338418684913961
FI531	A24T	no	-0.2078219665669856
FI531	T28I	no	-0.0736598852571717
FI531	F29I	no	-0.4066018246571552
FI531	S30R	no	-0.5393880385480685
FI531	S31K	no	-0.0967551088445439
FI531	I34L	no	-0.1911265825337142
FI531	P52aA	no	-2.9665717104949483
FI531	A57T	yes	-0.1829834343540017
FI531	A78V	no	0.0448827766832593
FI531	M80L	no	-0.1272629556693942
FI531	V89I	no	-0.0409605730075401
FI538	G27D	no	0.0106547719079088
FI538	T28R	no	0.0361501594703401
FI538	I34F	no	-0.0247710145559665
FI538	W47Y	no	-0.9388396476005418
FI538	I51M	no	0.013026349288733
FI538	I52L	no	-0.6487295609590262
FI538	P52aG	no	-1.9505146799612456
FI538	A57T	yes	-0.1829834343540017
FI538	N58D	no	-0.5242133531453597
FI538	S74M	no	0.4361296330737723
FI538	T77S	no	-0.3785280881374806
FI538	A78S	no	-0.1377155429333694
FI538	S82aR	no	-0.4590636273754569
FI538	R83S	no	0.1828355858461137
FI538	S84P	no	-0.09454263523536
FI538	E85D	no	0.0390960353420624
FI555	K12R	no	-0.1616409070622992
FI555	K23R	no	-0.2338418684913961
FI555	A24T	no	-0.2078219665669856
FI555	T28I	no	-0.0736598852571717
FI555	F29I	no	-0.4066018246571552
FI555	S30R	no	-0.5393880385480685
FI555	S31K	no	-0.0967551088445439
FI555	I34L	no	-0.1911265825337142
FI555	P52aA	no	-2.9665717104949483
FI555	A57T	yes	-0.1829834343540017
FI555	A78V	no	0.0448827766832593
FI555	M80L	no	-0.1272629556693942
FI555	V89I	no	-0.0409605730075401
FI81	A24I	no	0.56043559460716
FI81	T28S	no	0.0324307648565547
FI81	F29L	no	0.0115956190152619
FI81	S30N	yes	0.0212755857516313
FI81	A33T	no	-3.071181748676665
FI81	I34F	no	-0.0247710145559665
FI81	V37A	no	-1.030540168245107
FI81	Q39L	no	-0.8766843159876796
FI81	L45P	no	0.0513062063258988
FI81	M48V	no	0.2898409437083487
FI81	I53P	no	-2.881461555716472
FI81	A57T	yes	-0.1829834343540017
FI81	N58F	no	-0.9830311633785592
FI81	Q61P	no	0.0786368338803669
FI81	F63L	no	-0.465099920825649
FI81	Q64E	no	0.1200355481259709
FI81	T68S	no	-0.3188824560909715
FI81	T70S	yes	-0.3526033836487059
FI81	S74Y	no	0.1301923062675563
FI81	S76K	no	0.2394370865377197
FI81	A78I	no	-0.3914401807765095
FI81	S82aT	no	0.0353718714261965
FI81	S82bG	no	-0.2373266868177594
FI81	S84V	no	-0.2599476625654748
FI823	V20I	no	0.1979489184787137
FI823	G27V	no	-0.5006470546932249
FI823	T28I	no	-0.0736598852571717
FI823	S30N	yes	0.0212755857516313
FI823	S31N	yes	-0.0606883148982149
FI823	Y32K	no	-1.56766174453697
FI823	I34L	no	-0.1911265825337142
FI823	I52V	no	0.3093870535037837
FI823	P52aA	no	-2.9665717104949483
FI823	I53T	no	-1.1690687832143851
FI823	A57P	no	-0.012203272793128
FI823	I69L	no	-0.6480889680433428
FI823	S76T	no	-0.0872480700334108
FI823	A78V	no	0.0448827766832593
FI823	S84T	no	-0.2587445897494511
FI891	K12R	no	-0.1616409070622992
FI891	F29I	no	-0.4066018246571552
FI891	S30R	no	-0.5393880385480685
FI891	Y32S	no	-1.6000625132815305
FI891	P52aA	no	-2.9665717104949483
FI891	I53L	no	-0.6214778428187913
FI891	A57T	yes	-0.1829834343540017
FI891	Q61L	no	-0.2909823341872304
FI891	S76T	no	-0.0872480700334108
FI891	A78V	no	0.0448827766832593
FI891	L82M	no	-0.3205447388076674
I4-128	K19M	no	-0.0813906089931464
I4-128	S31T	no	-0.0193992497274173
I4-128	A33G	no	-0.609750776730932
I4-128	I34V	no	-0.1072331406752162
I4-128	M48V	no	0.2898409437083487
I4-128	N58K	no	-0.4708253723238265
I4-128	T75S	yes	0.1222968162757744
I4-128	S76T	no	-0.0872480700334108
I4-128	S82bR	no	-0.4952439279883194
I5-24	V2F	no	-0.5552060324818768
I5-24	K12R	no	-0.1616409070622992
I5-24	K23T	no	-0.640393150111116
I5-24	S31R	no	0.0405704978649321
I5-24	I34V	no	-0.1072331406752162
I5-24	S35N	no	-3.491764194464591
I5-24	E46Q	no	-0.6154465731373868
I5-24	I51F	no	0.3070777802299265
I5-24	I53L	no	-0.6214778428187913
I5-24	A57T	yes	-0.1829834343540017
I5-24	K62R	no	-0.1633989357592753
I5-24	V67A	no	-0.4850838084336768
I5-24	S76T	no	-0.0872480700334108
I5-24	Y79F	no	-0.0632093565485014
I5-24	M80L	no	-0.1272629556693942
I5-24	R83T	yes	0.352189462704505
I5-24	Y91F	yes	-0.2894278940918724
I8-1B6	V5E	no	-0.1905223988822904
I8-1B6	K12R	no	-0.1616409070622992
I8-1B6	K13R	no	0.2609937778214579
I8-1B6	S21A	no	0.0447743077582583
I8-1B6	A24T	no	-0.2078219665669856
I8-1B6	T28I	no	-0.0736598852571717
I8-1B6	S31N	yes	-0.0606883148982149
I8-1B6	Y32F	no	-0.2787094630308253
I8-1B6	I34V	no	-0.1072331406752162
I8-1B6	I52L	no	-0.6487295609590262
I8-1B6	P52aS	no	-2.0220457441181106
I8-1B6	G55R	no	-1.5551656993558964
I8-1B6	A57T	yes	-0.1829834343540017
I8-1B6	S82aN	yes	-0.1068918090600199
I8-1B6	E85D	no	0.0390960353420624
V3-1G10	S17T	no	-0.2649658794242704
V3-1G10	K23E	no	0.1324938502177417
V3-1G10	G27V	no	-0.5006470546932249
V3-1G10	S30N	yes	0.0212755857516313
V3-1G10	S31H	no	-1.4710109706337704
V3-1G10	A33T	no	-3.071181748676665
V3-1G10	I34V	no	-0.1072331406752162
V3-1G10	I53L	no	-0.6214778428187913
V3-1G10	N58D	no	-0.5242133531453597
V3-1G10	G65D	no	-0.333104431956233
V3-1G10	K73R	no	0.1379742170975078
V3-1G10	S76G	no	-0.4294833356786718
V3-1G10	S84P	no	-0.09454263523536
V3-1G10	V89L	no	-0.5707460970632816
V3-2C3	S30N	yes	0.0212755857516313
V3-2C3	S31N	yes	-0.0606883148982149
V3-2C3	I34V	no	-0.1072331406752162
V3-2C3	Q61H	no	0.0428314305843571
V3-2C3	A71V	no	0.0335744171515077
V3-2C3	V89M	no	-0.1300976656836994
V3-2G6	V5E	no	-0.1905223988822904
V3-2G6	K13R	no	0.2609937778214579
V3-2G6	K23Q	no	-0.1954625206411968
V3-2G6	A24T	no	-0.2078219665669856
V3-2G6	Y32F	no	-0.2787094630308253
V3-2G6	I34F	no	-0.0247710145559665
V3-2G6	M48V	no	0.2898409437083487
V3-2G6	P52aG	no	-1.9505146799612456
V3-2G6	I53M	no	-0.6988581118074926
V3-2G6	A57T	yes	-0.1829834343540017
V3-2G6	N58S	no	-0.4045567053172139
V3-2G6	T70S	yes	-0.3526033836487059
V3-2G6	E85D	no	0.0390960353420624
V3-2G6	V89I	no	-0.0409605730075401
V3-3D2	S25P	no	0.0683123961172391
V3-3D2	G27V	no	-0.5006470546932249
V3-3D2	T28I	no	-0.0736598852571717
V3-3D2	S30N	yes	0.0212755857516313
V3-3D2	S31A	no	0.1130032236993905
V3-3D2	I34M	no	-0.365053306240874
V3-3D2	I52T	no	-0.0188762572547194
V3-3D2	P52aG	no	-1.9505146799612456
V3-3D2	I53V	no	-0.5429808545337451
V3-3D2	G55H	no	-0.5442095252567132
V3-3D2	N58T	no	-0.1928848533666034
V3-3D2	Q61P	no	0.0786368338803669
V3-3D2	E85D	no	0.0390960353420624
310-18A3	V5E	no	-0.1905223988822904
310-18A3	T28I	no	-0.0736598852571717
310-18A3	S30N	yes	0.0212755857516313
310-18A3	P52aA	no	-2.9665717104949483
310-18A3	G55R	no	-1.5551656993558964
310-18A3	A57T	yes	-0.1829834343540017
310-18A3	S76T	no	-0.0872480700334108
310-18A3	V89I	no	-0.0409605730075401
310-18C11	T28I	no	-0.0736598852571717
310-18C11	S30N	yes	0.0212755857516313
310-18C11	S31T	no	-0.0193992497274173
310-18C11	G55H	no	-0.5442095252567132
310-18C11	A57T	yes	-0.1829834343540017
310-18C11	N58K	no	-0.4708253723238265
310-18C11	T70S	yes	-0.3526033836487059
310-18C11	E81Q	no	-0.9530039304930488
310-18C11	S82bR	no	-0.4952439279883194
310-18E12	T28I	no	-0.0736598852571717
310-18E12	S30R	no	-0.5393880385480685
310-18E12	S31N	yes	-0.0606883148982149
310-18E12	I52A	no	0.1568999742892529
310-18E12	P52aA	no	-2.9665717104949483
310-18E12	A57T	yes	-0.1829834343540017
310-18E12	S76T	no	-0.0872480700334108
310-18E12	R83E	no	0.1372364009431237
310-18E7	G27V	no	-0.5006470546932249
310-18E7	S31G	no	-0.5195558289611242
310-18E7	S35N	no	-3.491764194464591
310-18E7	I53L	no	-0.6214778428187913
310-18E7	A57P	no	-0.012203272793128
310-18E7	Y59L	no	-0.5771066000902607
310-18E7	I69F	no	-0.3589149985787543
310-18E7	S74A	no	-0.2083541792713035
310-18E7	A78D	no	-3.1478310496136217
310-18E7	Y79H	no	-0.0491464376455219
310-18F2	T28I	no	-0.0736598852571717
310-18F2	S30N	yes	0.0212755857516313
310-18F2	S31T	no	-0.0193992497274173
310-18F2	G55H	no	-0.5442095252567132
310-18F2	N58K	no	-0.4708253723238265
310-18F2	T70S	yes	-0.3526033836487059
310-18F2	E81H	no	-1.0184556780462053
310-18G10	G27V	no	-0.5006470546932249
310-18G10	S31G	no	-0.5195558289611242
310-18G10	S35N	no	-3.491764194464591
310-18G10	I53L	no	-0.6214778428187913
310-18G10	A57P	no	-0.012203272793128
310-18G10	Y59L	no	-0.5771066000902607
310-18G10	I69F	no	-0.3589149985787543
310-18G10	A78D	no	-3.1478310496136217
310-18G10	L82V	no	-0.2381584242321892
310-18H6	V5E	no	-0.1905223988822904
310-18H6	T28I	no	-0.0736598852571717
310-18H6	S30N	yes	0.0212755857516313
310-18H6	P52aA	no	-2.9665717104949483
310-18H6	G55R	no	-1.5551656993558964
310-18H6	A57T	yes	-0.1829834343540017
310-18H6	S76T	no	-0.0872480700334108
310-18H6	V89I	no	-0.0409605730075401
310-18H9	K12R	no	-0.1616409070622992
310-18H9	G27V	no	-0.5006470546932249
310-18H9	S31G	no	-0.5195558289611242
310-18H9	S35N	no	-3.491764194464591
310-18H9	A57P	no	-0.012203272793128
310-18H9	V67L	no	-0.3398206497923652
310-18H9	I69L	no	-0.6480889680433428
310-18H9	A78D	no	-3.1478310496136217
1009-3B05	V11L	no	0.0564900477275926
1009-3B05	A24T	no	-0.2078219665669856
1009-3B05	F29S	yes	-1.728649867571642
1009-3B05	S30N	yes	0.0212755857516313
1009-3B05	S31N	yes	-0.0606883148982149
1009-3B05	A33P	no	-3.394589914767156
1009-3B05	I51S	no	-0.4563757007168192
1009-3B05	G55N	no	-0.0368082213046037
1009-3B05	A57P	no	-0.012203272793128
1009-3B05	N58K	no	-0.4708253723238265
1009-3B05	A60G	no	-0.1678535690153957
1009-3B05	Q61K	no	-0.4741120512265517
1009-3B05	A71S	no	-0.1133098078765115
1009-3B05	K73T	no	0.4736369831890421
1009-3B05	E85D	no	0.0390960353420624
1009-3B05	V89I	no	-0.0409605730075401
1009-3E06	G27M	no	-0.3356798822817595
1009-3E06	F29S	yes	-1.728649867571642
1009-3E06	S30N	yes	0.0212755857516313
1009-3E06	Y32L	no	-1.8586810428838163
1009-3E06	I53V	no	-0.5429808545337451
1009-3E06	G55E	no	-0.4212735447132854
1009-3E06	A57P	no	-0.012203272793128
1009-3E06	N58K	no	-0.4708253723238265
1009-3E06	S76N	yes	0.1260161555777728
1009-3E06	E81D	no	-0.1592424551643496
1009-3E06	S82aI	no	-0.5454295550461872
1009-3E06	V89M	no	-0.1300976656836994
70-1F02	K23R	no	-0.2338418684913961
70-1F02	T28I	no	-0.0736598852571717
70-1F02	S30R	no	-0.5393880385480685
70-1F02	Y32N	no	-0.2643854744638254
70-1F02	G50E	no	-3.3637593195502618
70-1F02	P52aA	no	-2.9665717104949483
70-1F02	I53V	no	-0.5429808545337451
70-5B03	S30R	no	-0.5393880385480685
70-5B03	S31N	yes	-0.0606883148982149
70-5B03	Y32F	no	-0.2787094630308253
70-5B03	I34V	no	-0.1072331406752162
70-5B03	L45P	no	0.0513062063258988
70-5B03	P52aA	no	-2.9665717104949483
70-5B03	N58K	no	-0.4708253723238265
70-5B03	T70S	yes	-0.3526033836487059
70-5B03	S76R	no	0.099032648086073
70-5B03	T77I	no	-0.8187508924964764
70-5B03	A78V	no	0.0448827766832593
70-5B03	Y79Q	no	-0.7824566435533491
70-5B03	E85D	no	0.0390960353420624
70-5B03	V89I	no	-0.0409605730075401
CR6261	Q1E	no	-0.1677945767818141
CR6261	Q6E	no	-0.3076965928424169
CR6261	T28P	no	0.0204015401595221
CR6261	S30R	no	-0.5393880385480685
CR6261	L45P	no	0.0513062063258988
CR6261	A57T	yes	-0.1829834343540017
CR6261	N58K	no	-0.4708253723238265
CR6261	Q61P	no	0.0786368338803669
CR6261	S74F	yes	-0.3003159343078287
CR6261	T75A	no	0.1754746470948518
CR6261	S76G	no	-0.4294833356786718
CR6261	A78V	no	0.0448827766832593
CR6261	V89M	no	-0.1300976656836994
CR6323	Q1E	no	-0.1677945767818141
CR6323	Q6E	no	-0.3076965928424169
CR6323	A33G	no	-0.609750776730932
CR6323	E46G	no	-3.17235089726626
CR6323	W47V	no	-2.659567009913655
CR6323	G50D	no	-3.0531609269984585
CR6323	P52aG	no	-1.9505146799612456
CR6323	I53M	no	-0.6988581118074926
CR6323	T56S	yes	-0.4858704037406411
CR6323	A57T	yes	-0.1829834343540017
CR6323	K62N	no	-0.2498317501712108
CR6323	V67L	no	-0.3398206497923652
CR6343	G27V	no	-0.5006470546932249
CR6343	S31Y	no	-2.19986697515629
CR6343	I34M	no	-0.365053306240874
CR6343	I53M	no	-0.6988581118074926
CR6343	A57T	yes	-0.1829834343540017
CR6343	N58T	no	-0.1928848533666034
CR6343	T70M	no	-0.0997312071820921
CR6343	L82V	no	-0.2381584242321892
CR6343	S82aR	no	-0.4590636273754569
CR6262	V5Q	no	0.2182799174495002
CR6262	A24V	no	-0.4622755980772961
CR6262	G27V	no	-0.5006470546932249
CR6262	T28I	no	-0.0736598852571717
CR6262	S31G	no	-0.5195558289611242
CR6262	Y32S	no	-1.6000625132815305
CR6262	I53L	no	-0.6214778428187913
CR6262	A57T	yes	-0.1829834343540017
CR6262	S76N	yes	0.1260161555777728
CR6262	A78T	no	-0.0667360645022512
CR6262	L82V	no	-0.2381584242321892
CR6262	S82aN	yes	-0.1068918090600199
CR6262	S84Y	no	-0.4758493638223839
CR6262	Y91F	yes	-0.2894278940918724
CR6332	T28P	no	0.0204015401595221
CR6332	S30R	no	-0.5393880385480685
CR6332	S31N	yes	-0.0606883148982149
CR6332	Y32F	no	-0.2787094630308253
CR6332	S35N	no	-3.491764194464591
CR6332	P52aA	no	-2.9665717104949483
CR6332	I53V	no	-0.5429808545337451
CR6332	A57T	yes	-0.1829834343540017
CR6332	N58K	no	-0.4708253723238265
CR6332	Q61H	no	0.0428314305843571
CR6332	S76N	yes	0.1260161555777728
CR6332	S82aG	no	-0.0092594737472779
CR6329	Q1E	no	-0.1677945767818141
CR6329	T28I	no	-0.0736598852571717
CR6329	S30R	no	-0.5393880385480685
CR6329	Y32N	no	-0.2643854744638254
CR6329	A33S	no	-1.7749009615926878
CR6329	I52F	no	-2.2504344513531844
CR6329	P52aA	no	-2.9665717104949483
CR6329	I53L	no	-0.6214778428187913
CR6329	A57T	yes	-0.1829834343540017
CR6329	N58D	no	-0.5242133531453597
CR6329	T75S	yes	0.1222968162757744
CR6329	S76T	no	-0.0872480700334108
CR6329	A78V	no	0.0448827766832593
CR6329	M80L	no	-0.1272629556693942
CR6329	R83T	yes	0.352189462704505
CR6344	G27S	no	0.2855542823113186
CR6344	T28I	no	-0.0736598852571717
CR6344	S30R	no	-0.5393880385480685
CR6344	S31N	yes	-0.0606883148982149
CR6344	I34M	no	-0.365053306240874
CR6344	P52aA	no	-2.9665717104949483
CR6344	A57P	no	-0.012203272793128
CR6344	N58K	no	-0.4708253723238265
CR6344	A78V	no	0.0448827766832593
CR6344	S82bG	no	-0.2373266868177594
CR6344	V89M	no	-0.1300976656836994
CR6327	Q1E	no	-0.1677945767818141
CR6327	Q6E	no	-0.3076965928424169
CR6327	S7T	no	0.0795206934764927
CR6327	S30R	no	-0.5393880385480685
CR6327	S31T	no	-0.0193992497274173
CR6327	Y32H	no	0.0926320582760205
CR6327	P52aA	no	-2.9665717104949483
CR6327	V67I	no	0.172952271796527
CR6327	Y91F	yes	-0.2894278940918724
CR6331	Q6E	no	-0.3076965928424169
CR6331	P52aG	no	-1.9505146799612456
CR6331	I53M	no	-0.6988581118074926
CR6331	S74F	yes	-0.3003159343078287
CR6334	Q1E	no	-0.1677945767818141
CR6334	Q6E	no	-0.3076965928424169
CR6334	S7T	no	0.0795206934764927
CR6334	S21P	no	-0.4711915463589697
CR6334	A24S	yes	0.0138925731007528
CR6334	G27S	no	0.2855542823113186
CR6334	T28P	no	0.0204015401595221
CR6334	S30R	no	-0.5393880385480685
CR6334	Y32N	no	-0.2643854744638254
CR6334	I34V	no	-0.1072331406752162
CR6334	M48V	no	0.2898409437083487
CR6334	I52L	no	-0.6487295609590262
CR6334	P52aG	no	-1.9505146799612456
CR6334	I53V	no	-0.5429808545337451
CR6334	T56S	yes	-0.4858704037406411
CR6334	A57P	no	-0.012203272793128
CR6334	N58S	no	-0.4045567053172139
CR6334	S76N	yes	0.1260161555777728
CR6334	A78V	no	0.0448827766832593
CR6334	Y79H	no	-0.0491464376455219
CR6334	S82aR	no	-0.4590636273754569
CR6334	S82bG	no	-0.2373266868177594
CR6342	T28F	no	0.1819172513150775
CR6342	I51V	no	0.167673984579098
CR6342	G55R	no	-1.5551656993558964
CR6342	K62N	no	-0.2498317501712108
CR6342	S74F	yes	-0.3003159343078287
CR6342	A78S	no	-0.1377155429333694
CR6342	E85D	no	0.0390960353420624
CR6325	Q1E	no	-0.1677945767818141
CR6325	Q6E	no	-0.3076965928424169
CR6325	S31F	no	-2.6224908597292416
CR6325	A33S	no	-1.7749009615926878
CR6325	I34M	no	-0.365053306240874
CR6325	I53M	no	-0.6988581118074926
CR6325	A57T	yes	-0.1829834343540017
CR6325	D72V	no	-1.5405754197848962
CR6325	L82V	no	-0.2381584242321892
