exp	mut	pos	aa	log_Kd_DMS	log_Kd_BLI	minus_delta_log_Kd_DMS	minus_delta_log_Kd_BLI
WT_fluB	V102L	102	L	-7.415754785	-7.890084137	0.310725685	0.930686477
WT_fluB	T83E	83	E	-7.466759806	-7.513427849	0.361730707	0.55403019
WT_fluB	S52V	52	V	-5.004633242	-5	-2.100395857	-4
WT_fluB	S52G	52	G	-5.245868642	-5	-1.859160457	-4
WT_fluB	S24L	24	L	-5.297535167	-5	-1.807493932	-4
WT_fluB	I73W	73	W	-5.245053559	-5	-1.85997554	-4
WT_fluB	D46E	46	E	-7.525880869	-7.759950228	0.42085177	0.800552568
GL_miniH1	I52G	52	G	-9.801637117	-6.691862621	0.346073324	-0.040027649
WT_fluB	WT	WT	WT	-6.862826012	-6.95939766	-0.242203088	0
WT_H3	WT	WT	WT	-7.29362865	-7.440691989	-0.368784602	0
WT_miniH1	WT	WT	WT	-9.145078079	-10	-0.155360646	0
GL_miniH1	WT	WT	WT	-9.386025818	-6.73189027	-0.069537975	0
WT_H3	D46E	46	E	-7.86483033	-7.71828503	0.202417078	0.277593041
WT_H3	S52G	52	G	-6.120096218	-5	-1.542317034	-4
WT_H3	S52V	52	V	-5.393946575	-5	-2.268466677	-4
WT_H3	I73W	73	W	-5.755288024	-5	-1.907125228	-4
WT_H3	T83E	83	E	-7.771641077	-7.750557039	0.109227825	0.309865049
WT_H3	V102L	102	L	-7.69902473	-8.606775884	0.036611479	1.166083895
GL_miniH1	V102L	102	L	-8.908163232	-6.503762455	-0.54740056	-0.228127815
WT_H3	F54H	54	H	-7.011543355	-7.673050006	-0.650869896	0.232358017
WT_miniH1	F54H	54	H	-8.950277438	-9.246110669	-0.350161287	-0.753889331
WT_miniH1	I73W	73	W	-9.123692672	-8.744968837	-0.176746053	-1.255031163
GL_miniH1	K73W	73	W	nan	-7.218531857	nan	0.486641587
GL_miniH1	R83E	83	E	-9.592800194	-7.135251664	0.137236401	0.403361394
WT_miniH1	S24L	24	L	-9.639945685	-8.670195478	0.339506959	-1.329804522
WT_miniH1	D46E	46	E	-9.388516146	-10	0.088077421	0
WT_miniH1	S52G	52	G	-9.148464291	-8.421131671	-0.151974434	-1.578868329
WT_miniH1	S52V	52	V	-8.415331626	-6.965772739	-0.885107099	-3.034227261
WT_miniH1	T83E	83	E	-9.384433085	-10	0.083994359	0
WT_miniH1	V102L	102	L	-9.267283305	-10	-0.03315542	0
GL_miniH1	I52V	52	V	-9.764950846	-6.869344651	0.309387054	0.137454381
GL_miniH1	F54H	54	H	-5.712290581	-5	-3.743273212	-4
WT_miniH1	S24F	24	F	-9.609909507	-8.664542099	0.309470782	-1.335457901
WT_fluB	S24F	24	F	-5.289998784	-5	-1.815030315	-4
WT_H3	S24F	24	F	-7.678903993	-6.945386945	0.016490742	-0.495305044
WT_fluB	F54H	54	H	-6.964907507	-6.987584625	-0.140121593	0.028186965
WT_H3	S24L	24	L	-7.590560895	-5.786747948	-0.071852357	-1.653944041
WT_H3	I73W/F74S	73W/F74	S	nan	-5	nan	-4
WT_miniH1	I73W/F74S	73W/F74	S	nan	-8.309095446	nan	-1.690904554
WT_fluB	I73W/F74S	73W/F74	S	nan	-5	nan	-4