Temperature,Ab,rep1,rep2,rep3,mean
10,GL,11.09041992,14.96212891,12.53469727,12.86241536
10.5,GL,24.02924316,32.41794596,27.15851074,27.86856662
11,GL,22.18083984,29.92425781,25.06939453,25.72483073
11.5,GL,22.18083984,29.92425781,25.06939453,25.72483073
12,GL,22.18083984,29.92425781,25.06939453,25.72483073
12.5,GL,22.19977865,30.021014,25.17309082,25.79796115
13,GL,22.0337793,29.30906576,24.48247396,25.27510634
13.5,GL,22.15704753,29.02155762,23.4625179,24.88037435
14,GL,22.28171549,28.39093424,23.70686523,24.79317166
14.5,GL,21.89733561,27.01604818,23.76265462,24.22534614
15,GL,21.93797526,25.98901693,22.66306478,23.53001899
15.5,GL,22.11120605,25.12491862,22.53989583,23.2586735
16,GL,21.53275391,23.8301237,23.32415853,22.89567871
16.5,GL,21.26511719,22.78242188,22.79754069,22.28169325
17,GL,21.25622559,22.87552246,21.87993978,22.00389594
17.5,GL,20.69680013,22.78492187,21.92313639,21.80161947
18,GL,20.61092773,22.11709635,21.41898112,21.38233507
18.5,GL,20.99104329,21.88040527,20.37707031,21.08283963
19,GL,20.73716797,22.44748535,20.3196224,21.16809191
19.5,GL,20.45493327,22.21735026,21.02161784,21.23130046
20,GL,20.55771159,21.83713867,21.21466797,21.20317274
20.5,GL,20.47131185,22.41346517,21.34957031,21.41144911
21,GL,20.44912109,22.73183268,21.84459635,21.67518338
21.5,GL,21.0726416,22.05175781,21.99435872,21.70625271
22,GL,21.54566732,21.54459961,21.74007324,21.61011339
22.5,GL,21.64953451,21.41869141,21.37490234,21.48104275
23,GL,21.68049805,21.06367513,20.86778971,21.20398763
23.5,GL,22.21920247,20.54062826,20.62426432,21.12803168
24,GL,22.60047526,20.44566895,20.74082031,21.26232151
24.5,GL,23.18416992,21.01114909,20.88006673,21.69179525
25,GL,24.40952148,21.65883789,21.78173828,22.61669922
25.5,GL,25.82421712,22.03506185,23.50097819,23.78675239
26,GL,27.00771484,22.97510742,24.89894531,24.96058919
26.5,GL,28.22625,23.74902832,25.36321126,25.77949653
27,GL,29.57087728,23.75582031,25.75141927,26.35937229
27.5,GL,30.44919108,24.14546875,25.97374023,26.85613336
28,GL,31.04347493,24.634139,25.10030111,26.92597168
28.5,GL,30.55258952,24.78369141,23.85178874,26.39602322
29,GL,29.51363444,26.15720703,23.93051107,26.53378418
29.5,GL,28.53311523,28.18641764,24.17126139,26.96359809
30,GL,27.23847656,29.04574707,23.1075944,26.46393934
30.5,GL,25.84147298,29.99759115,22.66789551,26.16898655
31,GL,25.51710612,30.67928223,22.95151855,26.38263563
31.5,GL,25.40753581,29.18446615,22.02569661,25.53923286
32,GL,24.7295459,27.11840658,21.3888151,24.41225586
32.5,GL,24.49860677,25.7193929,22.17520182,24.13106717
33,GL,24.12198568,24.1914502,22.61821289,23.64388292
33.5,GL,23.16470052,22.99420736,22.77080078,22.97656955
34,GL,22.54253418,23.02569499,23.60552409,23.05791775
34.5,GL,22.24092936,23.25382813,24.09352865,23.19609538
35,GL,21.77869303,23.07551595,24.22032389,23.02484429
35.5,GL,21.4428304,22.83818359,24.53717611,22.9393967
36,GL,21.65567383,22.88781738,24.94710938,23.16353353
36.5,GL,21.70382975,22.43515299,25.18637695,23.10845323
37,GL,21.6846875,22.01488444,25.05130371,22.91695855
37.5,GL,21.93659017,22.72973633,24.48876953,23.05169868
38,GL,22.66116536,23.56261068,24.17711589,23.46696398
38.5,GL,22.94730794,23.92793294,23.57014323,23.4817947
39,GL,22.9562793,24.86512207,22.87165365,23.56435167
39.5,GL,22.75329264,25.11291992,22.60730794,23.4911735
40,GL,22.085,24.22995117,22.63528971,22.98341363
40.5,GL,21.28539551,23.8606071,22.40631673,22.51743978
41,GL,20.3965625,22.8855306,22.19665365,21.82624891
41.5,GL,19.75800781,21.48273112,22.14347493,21.12807129
42,GL,19.40552246,21.31801595,21.53949219,20.75434353
42.5,GL,19.0774235,21.12025391,20.96811523,20.38859755
43,GL,18.28813314,19.93633789,20.81449056,19.67965386
43.5,GL,18.24401855,19.97801595,20.83833496,19.68678982
44,GL,18.38485189,20.2951888,20.73890788,19.80631619
44.5,GL,18.18070313,19.23488118,21.47691406,19.63083279
45,GL,18.26527669,18.75108724,21.90829915,19.64155436
45.5,GL,18.45109375,19.0768099,21.4169515,19.64828505
46,GL,17.75146973,18.96650553,20.6702653,19.12941352
46.5,GL,16.73861979,18.76958171,20.16828451,18.55882867
47,GL,16.26387695,19.5086556,19.19741862,18.32331706
47.5,GL,15.37890625,20.33404622,18.57247396,18.09514214
48,GL,14.54563639,20.07707357,18.76357422,17.79542806
48.5,GL,14.36277995,19.10363118,19.0898584,17.51875651
49,GL,14.22859212,18.31927734,19.09159017,17.21315321
49.5,GL,13.71515299,17.43433431,19.24708008,16.79885579
50,GL,14.01664551,15.71325521,19.10231934,16.27740668
50.5,GL,14.46971517,15.06538249,18.11183919,15.88231228
51,GL,14.09588216,15.06470866,17.39860189,15.5197309
51.5,GL,13.67475749,14.50169108,16.59005534,14.92216797
52,GL,13.30044759,14.31687174,15.46608887,14.36113607
52.5,GL,12.60302409,14.5583138,14.89557617,14.01897135
53,GL,11.92751953,14.36317871,15.49142253,13.92737359
53.5,GL,11.76246908,14.77804687,15.72575358,14.08875651
54,GL,11.86447103,15.33379395,15.80231934,14.3335281
54.5,GL,12.24900228,14.80642253,16.34283366,14.46608615
55,GL,12.20951172,14.64208984,16.44858073,14.4333941
55.5,GL,11.85192708,14.70833496,15.48931478,14.01652561
56,GL,11.86305339,14.03064128,14.81934082,13.57101183
56.5,GL,12.00139974,14.11916992,15.10751139,13.74269368
57,GL,11.66056641,15.17052572,15.11988932,13.98366048
57.5,GL,11.6961084,15.97750488,15.37239258,14.34866862
58,GL,12.50416016,16.76960937,16.05716471,15.11031141
58.5,GL,13.02768229,17.54059245,16.48187826,15.68338433
59,GL,13.51905924,17.71327474,16.34861816,15.86031738
59.5,GL,14.22626139,17.4760498,16.08210775,15.92813965
60,GL,14.58103841,17.26118652,15.51360514,15.78527669
60.5,GL,14.36183268,16.82776693,14.86759115,15.35239692
61,GL,13.92231445,16.61172852,14.45979004,14.99794434
61.5,GL,12.80706055,16.61074056,13.76818034,14.39532715
62,GL,12.26020833,16.43206868,13.20865723,13.96697808
62.5,GL,12.44800781,15.90850423,13.18278158,13.84643121
63,GL,12.48590169,15.55050618,13.114139,13.71684896
63.5,GL,12.83035319,14.95446777,12.53566895,13.4401633
64,GL,13.67457194,14.26547689,12.27512858,13.40505914
64.5,GL,13.58763672,14.19169271,11.97197591,13.25043511
65,GL,12.34351074,14.38823893,10.6349707,12.45557346
65.5,GL,11.36314941,14.33256673,9.685397135,11.79370443
66,GL,10.36453125,14.24315104,9.26172526,11.28980252
66.5,GL,9.13430013,13.82323079,8.068496094,10.34200901
67,GL,8.642272135,12.98424642,6.951336263,9.525951606
67.5,GL,9.004129232,11.93931478,6.623623047,9.189022352
68,GL,8.969480794,10.78425781,5.685177409,8.479638672
68.5,GL,8.594864909,10.00931315,4.510375977,7.704851345
69,GL,8.001523437,8.98245931,4.13577474,7.039919162
69.5,GL,6.424405924,7.417701823,3.371918945,5.738008898
70,GL,4.289238281,6.003055013,1.929158529,4.073817274
70.5,GL,2.267213542,4.444358724,0.438948568,2.383506944
71,GL,-0.271153971,1.818761393,-1.383720703,0.054628906
71.5,GL,-3.140045573,-1.352833659,-3.899788411,-2.797555881
72,GL,-6.597947591,-5.550286458,-7.171176758,-6.439803602
72.5,GL,-11.96978027,-12.09739746,-11.22539062,-11.76418945
73,GL,-20.4512679,-21.46342285,-16.920625,-19.61177192
73.5,GL,-32.65643066,-34.72430339,-25.84060384,-31.0737793
74,GL,-50.06403158,-53.42525553,-38.569611,-47.35296604
74.5,GL,-72.89924316,-77.09844889,-54.53569499,-68.17779568
75,GL,-99.44933268,-104.7104183,-73.66555501,-92.60843533
75.5,GL,-127.4306738,-134.6390592,-94.8137028,-118.9611453
76,GL,-154.3448519,-163.2187272,-114.6970801,-144.0868864
76.5,GL,-176.7264893,-185.7850146,-131.1837972,-164.5651004
77,GL,-191.0960645,-200.6983415,-142.5207292,-178.105045
77.5,GL,-196.6996061,-206.5469271,-147.2111719,-183.4859017
78,GL,-193.7402018,-202.3117236,-144.8563656,-180.3027637
78.5,GL,-182.1594124,-189.4635417,-136.1178939,-169.2469493
79,GL,-163.719624,-170.2984701,-121.456945,-151.825013
79.5,GL,-141.2869564,-146.2504671,-103.409305,-130.3155762
80,GL,-115.9755973,-119.9738786,-83.87028158,-106.6065858
80.5,GL,-89.81932943,-93.71447754,-63.37572754,-82.30317817
81,GL,-65.12546224,-68.35916504,-43.66718262,-59.0506033
81.5,GL,-41.95794108,-46.22324707,-26.91086426,-38.36401747
82,GL,-21.29916992,-27.65826172,-12.21125814,-20.38956326
82.5,GL,-4.698642578,-11.38765788,0.780182292,-5.102039388
83,GL,9.107664388,1.887597656,10.77760579,7.257622613
83.5,GL,20.56388021,11.63341471,18.37480794,16.85736762
84,GL,28.25447591,19.68522786,24.86727376,24.26899251
84.5,GL,33.83843262,26.16871582,30.08602376,30.0310574
85,GL,38.93371419,30.06313477,33.6427002,34.21318305
85.5,GL,42.34651693,32.69956706,36.67381836,37.23996745
86,GL,44.18347168,35.25682943,39.48291829,39.64107313
86.5,GL,46.63774414,37.43608398,41.90400716,41.99261176
87,GL,49.18611816,38.95345703,43.55628581,43.89862033
87.5,GL,50.56373372,40.56967611,45.14515788,45.42618924
88,GL,51.81174967,41.97059082,46.76294108,46.84842719
88.5,GL,53.48222656,42.24113607,47.67807943,47.80048069
89,GL,54.38199219,41.70754232,47.70264323,47.93072591
89.5,GL,54.50140951,40.48387207,47.85186523,47.61238227
90,GL,54.46188314,38.7246403,47.81536947,47.00063097
90.5,GL,54.24128581,36.79143392,47.07604655,46.03625543
91,GL,53.82934896,35.05452148,46.66928548,45.18438531
91.5,GL,53.24178874,33.11628418,46.91289551,44.42365614
92,GL,52.21335286,31.6299235,46.98124837,43.60817491
92.5,GL,51.52349555,30.74276855,46.98215224,43.08280545
93,GL,51.35967828,29.75239746,47.18119086,42.7644222
93.5,GL,51.89986021,29.42970215,46.54678801,42.62545012
94,GL,52.18654749,29.51286458,46.2308299,42.64341399
94.5,GL,58.84692491,32.79005697,48.46253309,46.69983832
95,GL,28.40154604,15.55532227,21.54105053,21.83263961
10,WT,8.243681641,9.322128906,9.410527344,8.99211263
10.5,WT,17.86131022,20.19794596,20.38947591,19.4829107
11,WT,16.48736328,18.64425781,18.82105469,17.98422526
11.5,WT,16.48736328,18.64425781,18.82105469,17.98422526
12,WT,16.48736328,18.64425781,18.82105469,17.98422526
12.5,WT,16.45736165,18.65681152,18.84369792,17.98595703
13,WT,16.69105143,18.67340983,18.72571289,18.03005805
13.5,WT,16.72734212,17.92772786,18.3370931,17.66405436
14,WT,16.54879557,16.70129883,17.62981934,16.95997125
14.5,WT,16.87935384,16.37446289,17.91034668,17.05472114
15,WT,17.33800618,15.58018392,17.67120605,16.86313205
15.5,WT,17.01077148,13.93105469,16.91416504,15.95199707
16,WT,16.45942708,13.40666178,16.81093262,15.55900716
16.5,WT,16.31243815,13.46368001,16.63544271,15.47052029
17,WT,16.3569043,13.37751628,16.56413249,15.43285102
17.5,WT,16.35137858,14.12541178,17.22340658,15.90006565
18,WT,16.76317383,15.42592122,17.50343099,16.56417535
18.5,WT,17.54354818,16.16375326,17.38502441,17.03077528
19,WT,17.42793783,16.43133138,17.61230469,17.1571913
19.5,WT,16.93497559,16.2467985,16.57708984,16.58628798
20,WT,16.69890137,15.32708171,15.74489583,15.9236263
20.5,WT,15.80999674,14.54436849,16.16650065,15.5069553
21,WT,15.20607422,14.37056641,16.57147949,15.38270671
21.5,WT,15.95953125,14.1832015,17.01042643,15.71771973
22,WT,16.29086263,14.05291016,18.00092773,16.11490017
22.5,WT,16.20319987,15.05527181,17.88372233,16.38073134
23,WT,17.50136556,16.11848958,17.16089355,16.92691623
23.5,WT,18.59123698,16.11445638,16.83159017,17.17909451
24,WT,18.46967285,15.91391113,16.07282227,16.81880208
24.5,WT,18.80724447,16.56197754,15.70141602,17.02354601
25,WT,19.49594889,16.92692546,16.84773437,17.75686957
25.5,WT,19.1844043,16.77248535,18.22666992,18.06118652
26,WT,18.74900391,17.50882812,19.17938151,18.47907118
26.5,WT,19.02553548,18.63937663,20.38814779,19.35101997
27,WT,19.43266602,19.24254069,21.53760905,20.07093859
27.5,WT,19.80183431,19.22175293,21.93799642,20.32052789
28,WT,20.26608236,19.10067546,21.45436035,20.27370605
28.5,WT,21.10014811,18.91730143,21.31108236,20.44284397
29,WT,22.18610514,19.10215169,21.8193457,21.03586751
29.5,WT,23.32711263,19.36416016,21.98014648,21.55713976
30,WT,24.05386719,19.49966797,21.62821615,21.72725043
30.5,WT,24.67560547,20.5592806,21.88499023,22.3732921
31,WT,24.81199707,21.6663444,22.21170085,22.89668077
31.5,WT,23.51128581,21.0020931,21.23118815,21.91485569
32,WT,21.62378743,19.82665527,20.21389974,20.55478082
32.5,WT,20.39712891,19.8141569,19.98351888,20.0649349
33,WT,19.35677734,19.31690918,19.86977865,19.51448839
33.5,WT,18.21577637,18.11996094,19.48668783,18.60747504
34,WT,18.34921712,18.78314941,19.69130371,18.94122342
34.5,WT,19.32544596,19.99048991,20.02155111,19.77916233
35,WT,19.62715658,19.69705078,20.33103678,19.88508138
35.5,WT,19.66526042,19.15236491,20.10240397,19.64000977
36,WT,20.54989746,19.27808105,19.71624837,19.84807563
36.5,WT,20.73046712,18.41355794,19.76807292,19.63736599
37,WT,19.741639,17.49083984,19.67004883,18.96750922
37.5,WT,19.5575765,17.6488623,18.87729329,18.69457737
38,WT,19.86022298,17.62254069,18.38783854,18.62353407
38.5,WT,19.61781901,17.32349447,18.47377441,18.47169596
39,WT,20.10443848,17.78639323,18.37983236,18.75688802
39.5,WT,21.14562988,17.75611165,18.04126953,18.98100369
40,WT,21.41153971,17.26847331,18.1875293,18.95584744
40.5,WT,21.17646322,17.45904785,18.87247233,19.1693278
41,WT,20.54467773,17.20801107,18.62596517,18.79288466
41.5,WT,19.39812826,16.43144531,17.64996094,17.8265115
42,WT,18.31492676,16.28663411,17.3804069,17.32732259
42.5,WT,17.73631348,16.02713053,17.19550456,16.98631619
43,WT,17.39914225,15.3110791,16.44025391,16.38349175
43.5,WT,17.42851562,15.71333984,16.51315104,16.55166884
44,WT,17.64901204,15.92470215,17.05176595,16.87516005
44.5,WT,17.44503255,15.2931429,17.14080566,16.62632704
45,WT,16.86262533,15.04085612,16.80257975,16.23535373
45.5,WT,16.36520996,15.08619792,16.16638021,15.87259603
46,WT,15.82755046,14.1264388,15.32136882,15.09178602
46.5,WT,15.40092122,13.70731771,14.86550944,14.65791612
47,WT,15.63903158,14.07046549,14.43742839,14.71564182
47.5,WT,15.83209473,14.25392578,14.19966634,14.76189562
48,WT,16.11814941,14.43570475,14.66252116,15.07212511
48.5,WT,16.22150716,15.01977051,14.99755208,15.41294325
49,WT,15.44221354,15.35200358,14.39284505,15.06235406
49.5,WT,14.77618978,15.38086589,14.02447428,14.72717665
50,WT,14.5035319,15.23546387,13.95155762,14.5635178
50.5,WT,13.61220215,14.67387858,13.04982259,13.77863444
51,WT,13.03962891,13.95646973,12.04784505,13.01464789
51.5,WT,13.76931152,13.01277507,12.32965983,13.03724881
52,WT,13.7393278,12.14528483,12.35553711,12.74671658
52.5,WT,13.18772461,11.80837728,11.65669434,12.21759874
53,WT,13.2547819,11.75766276,11.64014811,12.21753092
53.5,WT,13.27860189,11.76344727,11.93886719,12.32697211
54,WT,12.62410319,12.11370931,11.41006673,12.04929308
54.5,WT,12.5836556,12.43893229,10.95790039,11.99349609
55,WT,13.3902832,12.35155273,11.13118164,12.29100586
55.5,WT,14.04679525,12.68810872,11.26901204,12.66797201
56,WT,14.59652344,13.38080729,11.25467285,13.07733453
56.5,WT,14.97994466,13.97161947,11.43889811,13.46348741
57,WT,15.02229004,15.06227214,12.07445313,14.0530051
57.5,WT,14.92651367,16.05860677,12.79591634,14.59367893
58,WT,14.75641764,16.24821126,13.05639648,14.68700846
58.5,WT,14.31175618,16.29539876,13.60087728,14.73601074
59,WT,14.37652344,16.62099935,14.41223958,15.13658746
59.5,WT,14.59690267,16.35701172,14.47436849,15.14276096
60,WT,13.94255208,16.44426921,14.26856608,14.88512912
60.5,WT,13.70567383,16.87451986,14.82586589,15.13535319
61,WT,14.2669222,16.87194173,14.92746582,15.35544325
61.5,WT,14.15161458,16.73824707,14.10631673,14.99872613
62,WT,14.22622233,16.58573242,13.99468424,14.93554633
62.5,WT,14.87685384,16.11310384,14.02007487,15.00334418
63,WT,14.55373698,15.96214193,13.44358236,14.65315375
63.5,WT,13.9829362,16.07395996,13.05060059,14.36916558
64,WT,14.24772949,15.69355957,13.30954264,14.4169439
64.5,WT,13.93650391,15.32622233,12.9925651,14.08509711
65,WT,13.19900228,14.90710286,12.76561523,13.62390679
65.5,WT,13.39344564,13.91516927,12.69245931,13.33369141
66,WT,13.20403809,13.19230469,12.42693359,12.94109212
66.5,WT,12.32415365,12.87541178,12.28932617,12.4962972
67,WT,11.90388997,12.7681901,12.07791992,12.25
67.5,WT,12.05467936,12.81317708,11.34972331,12.07252658
68,WT,11.4827946,12.96680501,10.61655273,11.68871745
68.5,WT,10.73128906,12.8015625,10.10119303,11.2113482
69,WT,10.12768066,11.93979655,9.435813802,10.50109701
69.5,WT,9.325688477,10.94952148,8.75879069,9.678000217
70,WT,8.112784831,10.28639486,8.455234375,8.951471354
70.5,WT,6.970939128,9.255981445,8.279283854,8.168734809
71,WT,5.772646484,7.868678385,7.29311849,6.978147786
71.5,WT,4.294386393,7.241163737,5.861389974,5.798980035
72,WT,2.532749023,6.144671224,4.901912435,4.526444227
72.5,WT,-0.055602214,4.050224609,3.051917318,2.348846571
73,WT,-3.319614258,1.998188477,0.174472656,-0.382317708
73.5,WT,-7.244329427,-0.772280273,-2.283479818,-3.433363173
74,WT,-12.56686361,-5.04581543,-5.689353841,-7.767344293
74.5,WT,-20.33946289,-10.81289225,-10.77427083,-13.97554199
75,WT,-31.40684733,-19.40080566,-17.14179199,-22.649815
75.5,WT,-47.75346029,-32.17279134,-26.67347656,-35.53324273
76,WT,-69.52693197,-48.92068197,-40.34783203,-52.93181532
76.5,WT,-94.53531738,-68.25409993,-56.14688802,-72.97876845
77,WT,-120.2492415,-88.36825358,-73.5716748,-94.06305664
77.5,WT,-142.4980078,-105.9688753,-89.87706706,-112.7813167
78,WT,-156.2478988,-117.0661458,-100.4501074,-124.5880507
78.5,WT,-159.5272493,-119.7690967,-103.3284684,-127.5416048
79,WT,-152.9847119,-115.4479102,-99.69916992,-122.7105973
79.5,WT,-138.3652865,-104.795638,-89.33792969,-110.8329514
80,WT,-118.6127572,-89.16324544,-74.15463867,-93.97688043
80.5,WT,-96.84320312,-71.86844727,-58.11148112,-75.6077105
81,WT,-75.13160319,-54.85094238,-42.79306478,-57.59187012
81.5,WT,-55.45094238,-38.20276204,-27.77977865,-40.47782769
82,WT,-37.81497721,-22.86640625,-14.65021159,-25.11053168
82.5,WT,-21.86111328,-9.857553711,-4.316166992,-12.01161133
83,WT,-8.720340169,0.978175456,4.989757487,-0.917469076
83.5,WT,1.011023763,9.676119792,12.86815918,7.851767578
84,WT,8.884228516,16.37974935,18.76166504,14.6752143
84.5,WT,15.32354004,21.4612679,22.91982259,19.90154351
85,WT,19.55861328,25.12371094,26.37787598,23.6867334
85.5,WT,22.82808594,27.40144043,29.16843587,26.46598741
86,WT,26.15406413,29.55525879,30.96724284,28.89218859
86.5,WT,28.93422038,31.59783529,32.11051758,30.88085775
87,WT,30.66239095,32.80705892,33.67357747,32.38100911
87.5,WT,31.72605794,34.03355957,34.87393555,33.54451769
88,WT,32.32138672,35.78854655,35.05408691,34.38800673
88.5,WT,32.68662109,36.45958984,35.54637207,34.89752767
89,WT,32.69566243,36.06987467,35.85109049,34.8722092
89.5,WT,32.53406087,36.03208171,36.00482422,34.85698893
90,WT,32.73805664,35.9397526,36.41647135,35.03142687
90.5,WT,33.05534505,35.46166341,36.91161621,35.14287489
91,WT,32.40570801,35.48281576,37.01106283,34.96652886
91.5,WT,31.10036133,36.14907389,36.94381185,34.73108236
92,WT,29.98819987,36.71111979,36.52141927,34.40691298
92.5,WT,28.51452365,36.93006565,36.2922678,33.9122857
93,WT,26.90090929,36.8772602,36.12208442,33.30008464
93.5,WT,25.36345468,36.7873848,36.36001121,32.83695023
94,WT,24.79862124,36.51582447,37.02308793,32.77917788
94.5,WT,25.17192274,39.36087294,41.46579807,35.33286458
95,WT,10.81288809,18.1834469,19.80044289,16.26559263